{
  "type": "FeatureCollection",
  "generator": "overpass-turbo",
  "copyright": "The data included in this document is from www.openstreetmap.org. The data is made available under ODbL.",
  "timestamp": "2026-05-10T16:31:36Z",
  "features": [
    {
      "type": "Feature",
      "properties": {
        "@id": "relation/4035098",
        "admin_level": "10",
        "boundary": "administrative",
        "is_in": "Zone 96",
        "name": "Barangay 873",
        "type": "boundary"
      },
      "geometry": {
        "type": "Polygon",
        "coordinates": [
          [
            [
              121.0124018,
              14.5792024
            ],
            [
              121.0125636,
              14.5792016
            ],
            [
              121.0125889,
              14.5794139
            ],
            [
              121.0125596,
              14.5795197
            ],
            [
              121.0125278,
              14.5796342
            ],
            [
              121.0125052,
              14.5797155
            ],
            [
              121.0124581,
              14.579885
            ],
            [
              121.0123934,
              14.5801182
            ],
            [
              121.0122686,
              14.5805677
            ],
            [
              121.0118947,
              14.5804732
            ],
            [
              121.0113635,
              14.5803255
            ],
            [
              121.0108244,
              14.5801913
            ],
            [
              121.0109476,
              14.5797127
            ],
            [
              121.0110695,
              14.5793127
            ],
            [
              121.0111764,
              14.5788757
            ],
            [
              121.0118048,
              14.5790432
            ],
            [
              121.0123318,
              14.5791837
            ],
            [
              121.0124018,
              14.5792024
            ]
          ]
        ]
      },
      "id": "relation/4035098"
    },
    {
      "type": "Feature",
      "properties": {
        "@id": "relation/4035099",
        "admin_level": "10",
        "boundary": "administrative",
        "is_in": "Zone 96",
        "name": "Barangay 876",
        "type": "boundary"
      },
      "geometry": {
        "type": "Polygon",
        "coordinates": [
          [
            [
              121.0108244,
              14.5801913
            ],
            [
              121.0113635,
              14.5803255
            ],
            [
              121.0118947,
              14.5804732
            ],
            [
              121.0122686,
              14.5805677
            ],
            [
              121.0122187,
              14.5807771
            ],
            [
              121.0120346,
              14.5814076
            ],
            [
              121.0120131,
              14.5814855
            ],
            [
              121.0118951,
              14.5814531
            ],
            [
              121.0118652,
              14.5815521
            ],
            [
              121.0116484,
              14.5821535
            ],
            [
              121.0116087,
              14.5822148
            ],
            [
              121.0113899,
              14.5826269
            ],
            [
              121.0107657,
              14.5821505
            ],
            [
              121.0103577,
              14.5820171
            ],
            [
              121.0106425,
              14.5810257
            ],
            [
              121.0107412,
              14.5805568
            ],
            [
              121.0108244,
              14.5801913
            ]
          ]
        ]
      },
      "id": "relation/4035099"
    },
    {
      "type": "Feature",
      "properties": {
        "@id": "relation/4035100",
        "admin_level": "10",
        "boundary": "administrative",
        "is_in": "Zone 96",
        "name": "Barangay 879",
        "type": "boundary"
      },
      "geometry": {
        "type": "Polygon",
        "coordinates": [
          [
            [
              121.0122686,
              14.5805677
            ],
            [
              121.0134332,
              14.5808958
            ],
            [
              121.0133239,
              14.5815
            ],
            [
              121.0132889,
              14.5817308
            ],
            [
              121.0132809,
              14.5817857
            ],
            [
              121.0132794,
              14.5819458
            ],
            [
              121.0132853,
              14.5820335
            ],
            [
              121.0133321,
              14.5821129
            ],
            [
              121.0132939,
              14.5821649
            ],
            [
              121.0132717,
              14.5822246
            ],
            [
              121.0132663,
              14.5822918
            ],
            [
              121.01323,
              14.5823688
            ],
            [
              121.0131894,
              14.5825752
            ],
            [
              121.0131018,
              14.5828304
            ],
            [
              121.0130854,
              14.5828782
            ],
            [
              121.0130665,
              14.5829242
            ],
            [
              121.0127157,
              14.5834513
            ],
            [
              121.0125003,
              14.5837821
            ],
            [
              121.0121408,
              14.5833455
            ],
            [
              121.0113899,
              14.5826269
            ],
            [
              121.0116087,
              14.5822148
            ],
            [
              121.0116484,
              14.5821535
            ],
            [
              121.0118652,
              14.5815521
            ],
            [
              121.0118951,
              14.5814531
            ],
            [
              121.0120131,
              14.5814855
            ],
            [
              121.0120346,
              14.5814076
            ],
            [
              121.0122187,
              14.5807771
            ],
            [
              121.0122686,
              14.5805677
            ]
          ]
        ]
      },
      "id": "relation/4035100"
    },
    {
      "type": "Feature",
      "properties": {
        "@id": "relation/4035101",
        "admin_level": "10",
        "boundary": "administrative",
        "is_in": "Zone 96",
        "name": "Barangay 884",
        "type": "boundary"
      },
      "geometry": {
        "type": "Polygon",
        "coordinates": [
          [
            [
              121.0133239,
              14.5815
            ],
            [
              121.0134332,
              14.5808958
            ],
            [
              121.0134457,
              14.5805654
            ],
            [
              121.0134264,
              14.5803972
            ],
            [
              121.0133841,
              14.5799609
            ],
            [
              121.0133659,
              14.579455
            ],
            [
              121.0142743,
              14.5796962
            ],
            [
              121.014309,
              14.5797054
            ],
            [
              121.0143664,
              14.5797217
            ],
            [
              121.0153656,
              14.5800059
            ],
            [
              121.0158093,
              14.5801351
            ],
            [
              121.0158129,
              14.5801856
            ],
            [
              121.0158281,
              14.5806099
            ],
            [
              121.01581,
              14.5807519
            ],
            [
              121.0157052,
              14.5810929
            ],
            [
              121.0160899,
              14.5812027
            ],
            [
              121.0160497,
              14.5815817
            ],
            [
              121.0160018,
              14.5819245
            ],
            [
              121.0158222,
              14.5819197
            ],
            [
              121.0156544,
              14.5819055
            ],
            [
              121.0153947,
              14.5818548
            ],
            [
              121.0148302,
              14.5817599
            ],
            [
              121.0145433,
              14.5817031
            ],
            [
              121.0143644,
              14.5816699
            ],
            [
              121.0136725,
              14.5815417
            ],
            [
              121.0135918,
              14.5815253
            ],
            [
              121.0133239,
              14.5815
            ]
          ]
        ]
      },
      "id": "relation/4035101"
    },
    {
      "type": "Feature",
      "properties": {
        "@id": "relation/6466172",
        "admin_level": "10",
        "boundary": "administrative",
        "name": "Barangay 725",
        "type": "boundary"
      },
      "geometry": {
        "type": "Polygon",
        "coordinates": [
          [
            [
              120.9937887,
              14.5657698
            ],
            [
              120.993827,
              14.5657875
            ],
            [
              120.9945438,
              14.5660995
            ],
            [
              120.9944562,
              14.5662914
            ],
            [
              120.9943629,
              14.5664812
            ],
            [
              120.9942839,
              14.566645
            ],
            [
              120.994184,
              14.5668523
            ],
            [
              120.9939931,
              14.5672544
            ],
            [
              120.9937577,
              14.5677671
            ],
            [
              120.9935188,
              14.5682691
            ],
            [
              120.9934347,
              14.5684459
            ],
            [
              120.9933716,
              14.5685786
            ],
            [
              120.9932865,
              14.5687574
            ],
            [
              120.9932088,
              14.5689207
            ],
            [
              120.9930816,
              14.569188
            ],
            [
              120.9930116,
              14.5693352
            ],
            [
              120.99281,
              14.5697588
            ],
            [
              120.9927934,
              14.5697937
            ],
            [
              120.992477,
              14.5704588
            ],
            [
              120.9919884,
              14.5703768
            ],
            [
              120.9919196,
              14.5703785
            ],
            [
              120.9918661,
              14.5703919
            ],
            [
              120.9917756,
              14.5704452
            ],
            [
              120.9915622,
              14.5702771
            ],
            [
              120.9936926,
              14.5657307
            ],
            [
              120.9937887,
              14.5657698
            ]
          ]
        ]
      },
      "id": "relation/6466172"
    },
    {
      "type": "Feature",
      "properties": {
        "@id": "relation/8142178",
        "admin_level": "10",
        "boundary": "administrative",
        "name": "Barangay 656",
        "old_ref": "133909003",
        "population": "364",
        "population:date": "2020-05-01",
        "ref": "1380609003",
        "source:population": "Philippine Statistics Authority",
        "type": "boundary"
      },
      "geometry": {
        "type": "Polygon",
        "coordinates": [
          [
            [
              120.9786148,
              14.5940218
            ],
            [
              120.9780157,
              14.5946331
            ],
            [
              120.9779858,
              14.5946787
            ],
            [
              120.9779564,
              14.5947276
            ],
            [
              120.9778247,
              14.5949592
            ],
            [
              120.9776092,
              14.5953131
            ],
            [
              120.9773389,
              14.5957838
            ],
            [
              120.9769412,
              14.5956029
            ],
            [
              120.9758194,
              14.5953511
            ],
            [
              120.974771,
              14.5952797
            ],
            [
              120.9730159,
              14.5953105
            ],
            [
              120.9714972,
              14.5955037
            ],
            [
              120.9703434,
              14.5957956
            ],
            [
              120.9703038,
              14.5958054
            ],
            [
              120.9695916,
              14.5959824
            ],
            [
              120.9684298,
              14.5960191
            ],
            [
              120.967321,
              14.5959404
            ],
            [
              120.9680803,
              14.5948075
            ],
            [
              120.9683145,
              14.5945004
            ],
            [
              120.9686472,
              14.5940733
            ],
            [
              120.9701375,
              14.5918679
            ],
            [
              120.9708276,
              14.5908483
            ],
            [
              120.9717952,
              14.5916063
            ],
            [
              120.9719568,
              14.5917559
            ],
            [
              120.972437,
              14.5921798
            ],
            [
              120.9725203,
              14.5922534
            ],
            [
              120.9729714,
              14.5926547
            ],
            [
              120.9730527,
              14.5927271
            ],
            [
              120.9740408,
              14.5935894
            ],
            [
              120.9741226,
              14.5936565
            ],
            [
              120.9741951,
              14.5937148
            ],
            [
              120.9748663,
              14.5937097
            ],
            [
              120.9749739,
              14.5937233
            ],
            [
              120.9751176,
              14.5937415
            ],
            [
              120.9751766,
              14.593749
            ],
            [
              120.9753955,
              14.5937696
            ],
            [
              120.976291,
              14.5938223
            ],
            [
              120.9765721,
              14.5938447
            ],
            [
              120.9766476,
              14.5938663
            ],
            [
              120.9767132,
              14.5939086
            ],
            [
              120.9767778,
              14.5939452
            ],
            [
              120.977076,
              14.5939772
            ],
            [
              120.9771288,
              14.5939787
            ],
            [
              120.9771578,
              14.5939729
            ],
            [
              120.9771884,
              14.5939579
            ],
            [
              120.9772269,
              14.5939094
            ],
            [
              120.977355,
              14.5937357
            ],
            [
              120.9774801,
              14.5935695
            ],
            [
              120.9775262,
              14.5935072
            ],
            [
              120.9775585,
              14.5935335
            ],
            [
              120.9775838,
              14.5935575
            ],
            [
              120.977602,
              14.5935686
            ],
            [
              120.9776192,
              14.5935791
            ],
            [
              120.9777441,
              14.5936347
            ],
            [
              120.9777509,
              14.5936375
            ],
            [
              120.9778499,
              14.5936783
            ],
            [
              120.9779561,
              14.5937214
            ],
            [
              120.9783885,
              14.5938757
            ],
            [
              120.9786148,
              14.5940218
            ]
          ]
        ]
      },
      "id": "relation/8142178"
    },
    {
      "type": "Feature",
      "properties": {
        "@id": "relation/8142179",
        "admin_level": "10",
        "boundary": "administrative",
        "name": "Barangay 658",
        "old_ref": "133909005",
        "population": "2108",
        "population:date": "2020-05-01",
        "ref": "1380609005",
        "source:population": "Philippine Statistics Authority",
        "type": "boundary"
      },
      "geometry": {
        "type": "Polygon",
        "coordinates": [
          [
            [
              120.9752462,
              14.5870328
            ],
            [
              120.9754147,
              14.5871507
            ],
            [
              120.9758826,
              14.5874694
            ],
            [
              120.9759756,
              14.5875344
            ],
            [
              120.9765073,
              14.587906
            ],
            [
              120.9769446,
              14.5882471
            ],
            [
              120.9771159,
              14.5883807
            ],
            [
              120.9776672,
              14.5888223
            ],
            [
              120.9779653,
              14.5890719
            ],
            [
              120.9782641,
              14.589318
            ],
            [
              120.9785225,
              14.5895158
            ],
            [
              120.9785489,
              14.5895352
            ],
            [
              120.9786062,
              14.5895605
            ],
            [
              120.9786716,
              14.5895793
            ],
            [
              120.978723,
              14.5895801
            ],
            [
              120.97889,
              14.589564
            ],
            [
              120.9789296,
              14.5895546
            ],
            [
              120.978951,
              14.5895512
            ],
            [
              120.9789625,
              14.5895494
            ],
            [
              120.9790227,
              14.5895425
            ],
            [
              120.9791014,
              14.5895342
            ],
            [
              120.9792077,
              14.5895314
            ],
            [
              120.979295,
              14.589536
            ],
            [
              120.9794059,
              14.5895632
            ],
            [
              120.9795158,
              14.5896116
            ],
            [
              120.9796732,
              14.5897086
            ],
            [
              120.9798043,
              14.5898087
            ],
            [
              120.9804886,
              14.5903076
            ],
            [
              120.9806081,
              14.5903951
            ],
            [
              120.9806961,
              14.5904526
            ],
            [
              120.9803674,
              14.5914904
            ],
            [
              120.980236,
              14.5918988
            ],
            [
              120.9801481,
              14.5920888
            ],
            [
              120.9796799,
              14.592856
            ],
            [
              120.9786208,
              14.5924695
            ],
            [
              120.9780776,
              14.5922373
            ],
            [
              120.9780309,
              14.592217
            ],
            [
              120.9779952,
              14.5921996
            ],
            [
              120.9779364,
              14.5921715
            ],
            [
              120.9778545,
              14.5921264
            ],
            [
              120.9777504,
              14.5920741
            ],
            [
              120.9774798,
              14.5918426
            ],
            [
              120.9772053,
              14.5916078
            ],
            [
              120.9766482,
              14.5911057
            ],
            [
              120.9761651,
              14.5906789
            ],
            [
              120.9760762,
              14.5906004
            ],
            [
              120.975519,
              14.5901119
            ],
            [
              120.975096,
              14.5897428
            ],
            [
              120.9749622,
              14.5896149
            ],
            [
              120.9749265,
              14.5895822
            ],
            [
              120.9744041,
              14.5891083
            ],
            [
              120.9738106,
              14.5885902
            ],
            [
              120.9737629,
              14.5885491
            ],
            [
              120.9736785,
              14.5884893
            ],
            [
              120.973664,
              14.588479
            ],
            [
              120.9736494,
              14.5884686
            ],
            [
              120.9733551,
              14.588282
            ],
            [
              120.9733425,
              14.5882768
            ],
            [
              120.9732933,
              14.5882403
            ],
            [
              120.973166,
              14.5882575
            ],
            [
              120.9730126,
              14.5882184
            ],
            [
              120.9728099,
              14.5881183
            ],
            [
              120.972731,
              14.5880953
            ],
            [
              120.9726772,
              14.5880653
            ],
            [
              120.9726081,
              14.588025
            ],
            [
              120.9738612,
              14.585926
            ],
            [
              120.9752462,
              14.5870328
            ]
          ]
        ]
      },
      "id": "relation/8142179"
    },
    {
      "type": "Feature",
      "properties": {
        "@id": "relation/8142180",
        "admin_level": "10",
        "boundary": "administrative",
        "name": "Barangay 657",
        "old_ref": "133909004",
        "population": "982",
        "population:date": "2020-05-01",
        "ref": "1380609004",
        "source:population": "Philippine Statistics Authority",
        "type": "boundary"
      },
      "geometry": {
        "type": "Polygon",
        "coordinates": [
          [
            [
              120.9754818,
              14.5828894
            ],
            [
              120.9757186,
              14.5830116
            ],
            [
              120.9760929,
              14.5832257
            ],
            [
              120.9773152,
              14.5839552
            ],
            [
              120.9785406,
              14.5846904
            ],
            [
              120.9787976,
              14.5848496
            ],
            [
              120.9794552,
              14.5852429
            ],
            [
              120.9797052,
              14.5853959
            ],
            [
              120.9798927,
              14.5855317
            ],
            [
              120.9800252,
              14.5856572
            ],
            [
              120.9801218,
              14.5857719
            ],
            [
              120.9802534,
              14.5859725
            ],
            [
              120.9803426,
              14.5861434
            ],
            [
              120.9803997,
              14.5862975
            ],
            [
              120.9804599,
              14.586504
            ],
            [
              120.980543,
              14.5867998
            ],
            [
              120.9807101,
              14.5873892
            ],
            [
              120.9808769,
              14.5879779
            ],
            [
              120.9809723,
              14.5883249
            ],
            [
              120.9810149,
              14.5885812
            ],
            [
              120.9810822,
              14.5890286
            ],
            [
              120.9809788,
              14.5894818
            ],
            [
              120.9809181,
              14.5897179
            ],
            [
              120.980847,
              14.590043
            ],
            [
              120.9806961,
              14.5904526
            ],
            [
              120.9806081,
              14.5903951
            ],
            [
              120.9804886,
              14.5903076
            ],
            [
              120.9798043,
              14.5898087
            ],
            [
              120.9796732,
              14.5897086
            ],
            [
              120.9795158,
              14.5896116
            ],
            [
              120.9794059,
              14.5895632
            ],
            [
              120.979295,
              14.589536
            ],
            [
              120.9792077,
              14.5895314
            ],
            [
              120.9791014,
              14.5895342
            ],
            [
              120.9790227,
              14.5895425
            ],
            [
              120.9789625,
              14.5895494
            ],
            [
              120.978951,
              14.5895512
            ],
            [
              120.9789296,
              14.5895546
            ],
            [
              120.97889,
              14.589564
            ],
            [
              120.978723,
              14.5895801
            ],
            [
              120.9786716,
              14.5895793
            ],
            [
              120.9786062,
              14.5895605
            ],
            [
              120.9785489,
              14.5895352
            ],
            [
              120.9785225,
              14.5895158
            ],
            [
              120.9782641,
              14.589318
            ],
            [
              120.9779653,
              14.5890719
            ],
            [
              120.9776672,
              14.5888223
            ],
            [
              120.9771159,
              14.5883807
            ],
            [
              120.9769446,
              14.5882471
            ],
            [
              120.9765073,
              14.587906
            ],
            [
              120.9759756,
              14.5875344
            ],
            [
              120.9758826,
              14.5874694
            ],
            [
              120.9754147,
              14.5871507
            ],
            [
              120.9752462,
              14.5870328
            ],
            [
              120.9738612,
              14.585926
            ],
            [
              120.974566,
              14.5846378
            ],
            [
              120.9749789,
              14.5838329
            ],
            [
              120.9753848,
              14.5831132
            ],
            [
              120.9754189,
              14.5830555
            ],
            [
              120.9754372,
              14.5829932
            ],
            [
              120.9754818,
              14.5828894
            ]
          ]
        ]
      },
      "id": "relation/8142180"
    },
    {
      "type": "Feature",
      "properties": {
        "@id": "relation/8142181",
        "admin_level": "10",
        "boundary": "administrative",
        "name": "Barangay 655",
        "old_ref": "133909002",
        "population": "1607",
        "population:date": "2020-05-01",
        "ref": "1380609002",
        "source:population": "Philippine Statistics Authority",
        "type": "boundary"
      },
      "geometry": {
        "type": "Polygon",
        "coordinates": [
          [
            [
              120.9738106,
              14.5885902
            ],
            [
              120.9744041,
              14.5891083
            ],
            [
              120.9749265,
              14.5895822
            ],
            [
              120.9749622,
              14.5896149
            ],
            [
              120.975096,
              14.5897428
            ],
            [
              120.975519,
              14.5901119
            ],
            [
              120.9760762,
              14.5906004
            ],
            [
              120.9761651,
              14.5906789
            ],
            [
              120.9766482,
              14.5911057
            ],
            [
              120.976402,
              14.5913673
            ],
            [
              120.9758397,
              14.5919647
            ],
            [
              120.9756231,
              14.592197
            ],
            [
              120.9755308,
              14.592296
            ],
            [
              120.9754127,
              14.5924231
            ],
            [
              120.9752526,
              14.5925859
            ],
            [
              120.9751705,
              14.5926669
            ],
            [
              120.9750137,
              14.5928318
            ],
            [
              120.9748758,
              14.5929828
            ],
            [
              120.974743,
              14.5931299
            ],
            [
              120.9745021,
              14.5934128
            ],
            [
              120.9741951,
              14.5937148
            ],
            [
              120.9741226,
              14.5936565
            ],
            [
              120.9740408,
              14.5935894
            ],
            [
              120.9730527,
              14.5927271
            ],
            [
              120.9729714,
              14.5926547
            ],
            [
              120.9725203,
              14.5922534
            ],
            [
              120.972437,
              14.5921798
            ],
            [
              120.9719568,
              14.5917559
            ],
            [
              120.9717952,
              14.5916063
            ],
            [
              120.9708276,
              14.5908483
            ],
            [
              120.9711229,
              14.5903815
            ],
            [
              120.9715305,
              14.5897322
            ],
            [
              120.9726081,
              14.588025
            ],
            [
              120.9726772,
              14.5880653
            ],
            [
              120.972731,
              14.5880953
            ],
            [
              120.9728099,
              14.5881183
            ],
            [
              120.9730126,
              14.5882184
            ],
            [
              120.973166,
              14.5882575
            ],
            [
              120.9732933,
              14.5882403
            ],
            [
              120.9733425,
              14.5882768
            ],
            [
              120.9733551,
              14.588282
            ],
            [
              120.9736494,
              14.5884686
            ],
            [
              120.973664,
              14.588479
            ],
            [
              120.9736785,
              14.5884893
            ],
            [
              120.9737629,
              14.5885491
            ],
            [
              120.9738106,
              14.5885902
            ]
          ]
        ]
      },
      "id": "relation/8142181"
    },
    {
      "type": "Feature",
      "properties": {
        "@id": "relation/8142182",
        "admin_level": "10",
        "boundary": "administrative",
        "name": "Barangay 654",
        "old_ref": "133909001",
        "population": "1042",
        "population:date": "2020-05-01",
        "ref": "1380609001",
        "source:population": "Philippine Statistics Authority",
        "type": "boundary"
      },
      "geometry": {
        "type": "Polygon",
        "coordinates": [
          [
            [
              120.9780776,
              14.5922373
            ],
            [
              120.9786208,
              14.5924695
            ],
            [
              120.9796799,
              14.592856
            ],
            [
              120.9786148,
              14.5940218
            ],
            [
              120.9783885,
              14.5938757
            ],
            [
              120.9779561,
              14.5937214
            ],
            [
              120.9778499,
              14.5936783
            ],
            [
              120.9777509,
              14.5936375
            ],
            [
              120.9777441,
              14.5936347
            ],
            [
              120.9776192,
              14.5935791
            ],
            [
              120.977602,
              14.5935686
            ],
            [
              120.9775838,
              14.5935575
            ],
            [
              120.9775585,
              14.5935335
            ],
            [
              120.9775262,
              14.5935072
            ],
            [
              120.9774801,
              14.5935695
            ],
            [
              120.977355,
              14.5937357
            ],
            [
              120.9772269,
              14.5939094
            ],
            [
              120.9771884,
              14.5939579
            ],
            [
              120.9771578,
              14.5939729
            ],
            [
              120.9771288,
              14.5939787
            ],
            [
              120.977076,
              14.5939772
            ],
            [
              120.9767778,
              14.5939452
            ],
            [
              120.9767132,
              14.5939086
            ],
            [
              120.9766476,
              14.5938663
            ],
            [
              120.9765721,
              14.5938447
            ],
            [
              120.976291,
              14.5938223
            ],
            [
              120.9753955,
              14.5937696
            ],
            [
              120.9751766,
              14.593749
            ],
            [
              120.9751176,
              14.5937415
            ],
            [
              120.9749739,
              14.5937233
            ],
            [
              120.9748663,
              14.5937097
            ],
            [
              120.9741951,
              14.5937148
            ],
            [
              120.9745021,
              14.5934128
            ],
            [
              120.974743,
              14.5931299
            ],
            [
              120.9748758,
              14.5929828
            ],
            [
              120.9750137,
              14.5928318
            ],
            [
              120.9751705,
              14.5926669
            ],
            [
              120.9752526,
              14.5925859
            ],
            [
              120.9754127,
              14.5924231
            ],
            [
              120.9755308,
              14.592296
            ],
            [
              120.9756231,
              14.592197
            ],
            [
              120.9758397,
              14.5919647
            ],
            [
              120.976402,
              14.5913673
            ],
            [
              120.9766482,
              14.5911057
            ],
            [
              120.9772053,
              14.5916078
            ],
            [
              120.9774798,
              14.5918426
            ],
            [
              120.9777504,
              14.5920741
            ],
            [
              120.9778545,
              14.5921264
            ],
            [
              120.9779364,
              14.5921715
            ],
            [
              120.9779952,
              14.5921996
            ],
            [
              120.9780309,
              14.592217
            ],
            [
              120.9780776,
              14.5922373
            ]
          ]
        ]
      },
      "id": "relation/8142182"
    },
    {
      "type": "Feature",
      "properties": {
        "@id": "relation/8421448",
        "admin_level": "10",
        "boundary": "administrative",
        "name": "Barangay 339",
        "type": "boundary"
      },
      "geometry": {
        "type": "Polygon",
        "coordinates": [
          [
            [
              120.9826095,
              14.6131372
            ],
            [
              120.9826533,
              14.6131339
            ],
            [
              120.9830519,
              14.6131075
            ],
            [
              120.9834627,
              14.6130787
            ],
            [
              120.9839545,
              14.613043
            ],
            [
              120.9844218,
              14.6130035
            ],
            [
              120.9845371,
              14.6142354
            ],
            [
              120.9840372,
              14.6142805
            ],
            [
              120.9835608,
              14.6143235
            ],
            [
              120.9831204,
              14.6143553
            ],
            [
              120.9827653,
              14.6143826
            ],
            [
              120.9826796,
              14.6143871
            ],
            [
              120.9826339,
              14.6143913
            ],
            [
              120.9826095,
              14.6131372
            ]
          ]
        ]
      },
      "id": "relation/8421448"
    },
    {
      "type": "Feature",
      "properties": {
        "@id": "relation/8421449",
        "admin_level": "10",
        "boundary": "administrative",
        "name": "Barangay 337",
        "type": "boundary"
      },
      "geometry": {
        "type": "Polygon",
        "coordinates": [
          [
            [
              120.9826796,
              14.6143871
            ],
            [
              120.9827653,
              14.6143826
            ],
            [
              120.9831204,
              14.6143553
            ],
            [
              120.9835608,
              14.6143235
            ],
            [
              120.9840372,
              14.6142805
            ],
            [
              120.9845371,
              14.6142354
            ],
            [
              120.9846271,
              14.6154976
            ],
            [
              120.984126,
              14.6155255
            ],
            [
              120.9836677,
              14.6155639
            ],
            [
              120.983208,
              14.6155899
            ],
            [
              120.9827967,
              14.6156061
            ],
            [
              120.9827308,
              14.6156087
            ],
            [
              120.9826879,
              14.6156024
            ],
            [
              120.9826339,
              14.6143913
            ],
            [
              120.9826796,
              14.6143871
            ]
          ]
        ]
      },
      "id": "relation/8421449"
    },
    {
      "type": "Feature",
      "properties": {
        "@id": "relation/8421450",
        "admin_level": "10",
        "boundary": "administrative",
        "name": "Barangay 336",
        "type": "boundary"
      },
      "geometry": {
        "type": "Polygon",
        "coordinates": [
          [
            [
              120.9827308,
              14.6156087
            ],
            [
              120.9827967,
              14.6156061
            ],
            [
              120.983208,
              14.6155899
            ],
            [
              120.9836677,
              14.6155639
            ],
            [
              120.984126,
              14.6155255
            ],
            [
              120.9846271,
              14.6154976
            ],
            [
              120.9847231,
              14.6169526
            ],
            [
              120.9847292,
              14.6170521
            ],
            [
              120.9846522,
              14.617043
            ],
            [
              120.9842307,
              14.6169966
            ],
            [
              120.9837646,
              14.6169491
            ],
            [
              120.983265,
              14.6168927
            ],
            [
              120.9830694,
              14.616872
            ],
            [
              120.9828693,
              14.6168509
            ],
            [
              120.9827776,
              14.6168412
            ],
            [
              120.9827276,
              14.6168359
            ],
            [
              120.9826879,
              14.6156024
            ],
            [
              120.9827308,
              14.6156087
            ]
          ]
        ]
      },
      "id": "relation/8421450"
    },
    {
      "type": "Feature",
      "properties": {
        "@id": "relation/8421451",
        "admin_level": "10",
        "boundary": "administrative",
        "name": "Barangay 341",
        "type": "boundary"
      },
      "geometry": {
        "type": "Polygon",
        "coordinates": [
          [
            [
              120.9865486,
              14.6153518
            ],
            [
              120.9865764,
              14.615347
            ],
            [
              120.9866108,
              14.6158309
            ],
            [
              120.9866622,
              14.6161479
            ],
            [
              120.9857537,
              14.6171102
            ],
            [
              120.9856742,
              14.6171083
            ],
            [
              120.9855393,
              14.6171196
            ],
            [
              120.9854297,
              14.6171218
            ],
            [
              120.9853198,
              14.6171119
            ],
            [
              120.9851288,
              14.6170929
            ],
            [
              120.9848021,
              14.6170593
            ],
            [
              120.9847292,
              14.6170521
            ],
            [
              120.9847231,
              14.6169526
            ],
            [
              120.9846271,
              14.6154976
            ],
            [
              120.9850182,
              14.615471
            ],
            [
              120.9854429,
              14.6154414
            ],
            [
              120.9858251,
              14.6154147
            ],
            [
              120.9861508,
              14.6153924
            ],
            [
              120.9865486,
              14.6153518
            ]
          ]
        ]
      },
      "id": "relation/8421451"
    },
    {
      "type": "Feature",
      "properties": {
        "@id": "relation/8421452",
        "admin_level": "10",
        "boundary": "administrative",
        "name": "Barangay 338",
        "type": "boundary"
      },
      "geometry": {
        "type": "Polygon",
        "coordinates": [
          [
            [
              120.9864445,
              14.614106
            ],
            [
              120.9864688,
              14.6141045
            ],
            [
              120.9865764,
              14.615347
            ],
            [
              120.9865486,
              14.6153518
            ],
            [
              120.9861508,
              14.6153924
            ],
            [
              120.9858251,
              14.6154147
            ],
            [
              120.9854429,
              14.6154414
            ],
            [
              120.9850182,
              14.615471
            ],
            [
              120.9846271,
              14.6154976
            ],
            [
              120.9845371,
              14.6142354
            ],
            [
              120.9849236,
              14.6142079
            ],
            [
              120.9853508,
              14.6141821
            ],
            [
              120.9857388,
              14.614157
            ],
            [
              120.9859882,
              14.6141409
            ],
            [
              120.9860543,
              14.6141366
            ],
            [
              120.9864445,
              14.614106
            ]
          ]
        ]
      },
      "id": "relation/8421452"
    },
    {
      "type": "Feature",
      "properties": {
        "@id": "relation/8421453",
        "admin_level": "10",
        "boundary": "administrative",
        "name": "Barangay 340",
        "type": "boundary"
      },
      "geometry": {
        "type": "Polygon",
        "coordinates": [
          [
            [
              120.986325,
              14.6128697
            ],
            [
              120.9863788,
              14.6128297
            ],
            [
              120.9864688,
              14.6141045
            ],
            [
              120.9864445,
              14.614106
            ],
            [
              120.9860543,
              14.6141366
            ],
            [
              120.9859882,
              14.6141409
            ],
            [
              120.9857388,
              14.614157
            ],
            [
              120.9853508,
              14.6141821
            ],
            [
              120.9849236,
              14.6142079
            ],
            [
              120.9845371,
              14.6142354
            ],
            [
              120.9844218,
              14.6130035
            ],
            [
              120.9848436,
              14.612974
            ],
            [
              120.985262,
              14.6129447
            ],
            [
              120.9856453,
              14.6129178
            ],
            [
              120.9859557,
              14.6128961
            ],
            [
              120.986325,
              14.6128697
            ]
          ]
        ]
      },
      "id": "relation/8421453"
    },
    {
      "type": "Feature",
      "properties": {
        "@id": "relation/8421454",
        "admin_level": "10",
        "boundary": "administrative",
        "name": "Barangay 342",
        "type": "boundary"
      },
      "geometry": {
        "type": "Polygon",
        "coordinates": [
          [
            [
              120.9865764,
              14.615347
            ],
            [
              120.9864688,
              14.6141045
            ],
            [
              120.9863788,
              14.6128297
            ],
            [
              120.9862889,
              14.611853
            ],
            [
              120.9862789,
              14.6117445
            ],
            [
              120.9872527,
              14.6126715
            ],
            [
              120.9878045,
              14.6131705
            ],
            [
              120.9887098,
              14.6139783
            ],
            [
              120.9866622,
              14.6161479
            ],
            [
              120.9866108,
              14.6158309
            ],
            [
              120.9865764,
              14.615347
            ]
          ]
        ]
      },
      "id": "relation/8421454"
    },
    {
      "type": "Feature",
      "properties": {
        "@id": "relation/8421475",
        "admin_level": "10",
        "boundary": "administrative",
        "name": "Barangay 316",
        "type": "boundary"
      },
      "geometry": {
        "type": "Polygon",
        "coordinates": [
          [
            [
              120.9830446,
              14.6076943
            ],
            [
              120.983544,
              14.6076585
            ],
            [
              120.984021,
              14.6076288
            ],
            [
              120.9840917,
              14.60861
            ],
            [
              120.9841142,
              14.608865
            ],
            [
              120.9841287,
              14.6090299
            ],
            [
              120.9841422,
              14.6091837
            ],
            [
              120.9841574,
              14.6093557
            ],
            [
              120.9841771,
              14.6095776
            ],
            [
              120.9836741,
              14.6096079
            ],
            [
              120.9831993,
              14.6096389
            ],
            [
              120.9827876,
              14.6096709
            ],
            [
              120.9823842,
              14.6097035
            ],
            [
              120.9823475,
              14.6097056
            ],
            [
              120.982271,
              14.6087276
            ],
            [
              120.9822064,
              14.6077534
            ],
            [
              120.9822511,
              14.6077514
            ],
            [
              120.9823056,
              14.6077483
            ],
            [
              120.9826492,
              14.6077227
            ]
          ]
        ]
      },
      "id": "relation/8421475"
    },
    {
      "type": "Feature",
      "properties": {
        "@id": "relation/8421476",
        "admin_level": "10",
        "boundary": "administrative",
        "name": "Barangay 315",
        "type": "boundary"
      },
      "geometry": {
        "type": "Polygon",
        "coordinates": [
          [
            [
              120.9841771,
              14.6095776
            ],
            [
              120.9841574,
              14.6093557
            ],
            [
              120.9841422,
              14.6091837
            ],
            [
              120.9841287,
              14.6090299
            ],
            [
              120.9841142,
              14.608865
            ],
            [
              120.9840917,
              14.60861
            ],
            [
              120.984021,
              14.6076288
            ],
            [
              120.9844126,
              14.607594
            ],
            [
              120.984828,
              14.6075683
            ],
            [
              120.985386,
              14.607533
            ],
            [
              120.9854399,
              14.6075287
            ],
            [
              120.9858958,
              14.6075032
            ],
            [
              120.9859408,
              14.6077761
            ],
            [
              120.9860074,
              14.6082496
            ],
            [
              120.9860598,
              14.6088514
            ],
            [
              120.9861083,
              14.6094608
            ],
            [
              120.9860611,
              14.6094627
            ],
            [
              120.9859507,
              14.609469
            ],
            [
              120.9858683,
              14.6094737
            ],
            [
              120.9854177,
              14.6094971
            ],
            [
              120.9850002,
              14.6095207
            ],
            [
              120.9845681,
              14.6095504
            ],
            [
              120.9841771,
              14.6095776
            ]
          ]
        ]
      },
      "id": "relation/8421476"
    },
    {
      "type": "Feature",
      "properties": {
        "@id": "relation/8421477",
        "admin_level": "10",
        "boundary": "administrative",
        "name": "Barangay 321",
        "type": "boundary"
      },
      "geometry": {
        "type": "Polygon",
        "coordinates": [
          [
            [
              120.9823475,
              14.6097056
            ],
            [
              120.9823842,
              14.6097035
            ],
            [
              120.9827876,
              14.6096709
            ],
            [
              120.9831993,
              14.6096389
            ],
            [
              120.9832246,
              14.6099385
            ],
            [
              120.9832395,
              14.6101144
            ],
            [
              120.9832554,
              14.6103016
            ],
            [
              120.9832706,
              14.6104817
            ],
            [
              120.9832854,
              14.6106564
            ],
            [
              120.9833102,
              14.61095
            ],
            [
              120.9828805,
              14.6109796
            ],
            [
              120.982495,
              14.6110039
            ],
            [
              120.9824578,
              14.6110086
            ],
            [
              120.9823475,
              14.6097056
            ]
          ]
        ]
      },
      "id": "relation/8421477"
    },
    {
      "type": "Feature",
      "properties": {
        "@id": "relation/8421478",
        "admin_level": "10",
        "boundary": "administrative",
        "name": "Barangay 322",
        "type": "boundary"
      },
      "geometry": {
        "type": "Polygon",
        "coordinates": [
          [
            [
              120.9831993,
              14.6096389
            ],
            [
              120.9836741,
              14.6096079
            ],
            [
              120.9841771,
              14.6095776
            ],
            [
              120.9841996,
              14.6098684
            ],
            [
              120.9842137,
              14.610047
            ],
            [
              120.9842278,
              14.6102262
            ],
            [
              120.9842418,
              14.6104047
            ],
            [
              120.984256,
              14.6105861
            ],
            [
              120.9842782,
              14.6108686
            ],
            [
              120.9837612,
              14.6109121
            ],
            [
              120.9833102,
              14.61095
            ],
            [
              120.9832854,
              14.6106564
            ],
            [
              120.9832706,
              14.6104817
            ],
            [
              120.9832554,
              14.6103016
            ],
            [
              120.9832395,
              14.6101144
            ],
            [
              120.9832246,
              14.6099385
            ],
            [
              120.9831993,
              14.6096389
            ]
          ]
        ]
      },
      "id": "relation/8421478"
    },
    {
      "type": "Feature",
      "properties": {
        "@id": "relation/8421479",
        "admin_level": "10",
        "boundary": "administrative",
        "name": "Barangay 318",
        "type": "boundary"
      },
      "geometry": {
        "type": "Polygon",
        "coordinates": [
          [
            [
              120.9850002,
              14.6095207
            ],
            [
              120.9850449,
              14.6099889
            ],
            [
              120.9850647,
              14.6102506
            ],
            [
              120.9850692,
              14.6103375
            ],
            [
              120.9850777,
              14.610434
            ],
            [
              120.9850862,
              14.6105278
            ],
            [
              120.9851038,
              14.6108095
            ],
            [
              120.9848932,
              14.6108246
            ],
            [
              120.9846711,
              14.6108405
            ],
            [
              120.9842782,
              14.6108686
            ],
            [
              120.984256,
              14.6105861
            ],
            [
              120.9842418,
              14.6104047
            ],
            [
              120.9842278,
              14.6102262
            ],
            [
              120.9842137,
              14.610047
            ],
            [
              120.9841996,
              14.6098684
            ],
            [
              120.9841771,
              14.6095776
            ],
            [
              120.9845681,
              14.6095504
            ],
            [
              120.9850002,
              14.6095207
            ]
          ]
        ]
      },
      "id": "relation/8421479"
    },
    {
      "type": "Feature",
      "properties": {
        "@id": "relation/8421480",
        "admin_level": "10",
        "boundary": "administrative",
        "name": "Barangay 319",
        "type": "boundary"
      },
      "geometry": {
        "type": "Polygon",
        "coordinates": [
          [
            [
              120.9860611,
              14.6094627
            ],
            [
              120.9861083,
              14.6094608
            ],
            [
              120.9861357,
              14.6097347
            ],
            [
              120.9861494,
              14.609958
            ],
            [
              120.9862086,
              14.6107325
            ],
            [
              120.9861509,
              14.6107366
            ],
            [
              120.9858121,
              14.610761
            ],
            [
              120.9855183,
              14.6107811
            ],
            [
              120.9851038,
              14.6108095
            ],
            [
              120.9850862,
              14.6105278
            ],
            [
              120.9850777,
              14.610434
            ],
            [
              120.9850692,
              14.6103375
            ],
            [
              120.9850647,
              14.6102506
            ],
            [
              120.9850449,
              14.6099889
            ],
            [
              120.9850002,
              14.6095207
            ],
            [
              120.9854177,
              14.6094971
            ],
            [
              120.9858683,
              14.6094737
            ],
            [
              120.9859507,
              14.609469
            ],
            [
              120.9860611,
              14.6094627
            ]
          ]
        ]
      },
      "id": "relation/8421480"
    },
    {
      "type": "Feature",
      "properties": {
        "@id": "relation/8421481",
        "admin_level": "10",
        "boundary": "administrative",
        "name": "Barangay 317",
        "type": "boundary"
      },
      "geometry": {
        "type": "Polygon",
        "coordinates": [
          [
            [
              120.9851038,
              14.6108095
            ],
            [
              120.9855183,
              14.6107811
            ],
            [
              120.9858121,
              14.610761
            ],
            [
              120.9861509,
              14.6107366
            ],
            [
              120.9862086,
              14.6107325
            ],
            [
              120.9862789,
              14.6117445
            ],
            [
              120.9862889,
              14.611853
            ],
            [
              120.9862399,
              14.6118516
            ],
            [
              120.9858904,
              14.6118784
            ],
            [
              120.9856058,
              14.6119002
            ],
            [
              120.985186,
              14.6119324
            ],
            [
              120.9847555,
              14.6119654
            ],
            [
              120.9843581,
              14.6119959
            ],
            [
              120.9843109,
              14.6113293
            ],
            [
              120.984299,
              14.6111623
            ],
            [
              120.9842782,
              14.6108686
            ],
            [
              120.9846711,
              14.6108405
            ],
            [
              120.9848932,
              14.6108246
            ],
            [
              120.9851038,
              14.6108095
            ]
          ]
        ]
      },
      "id": "relation/8421481"
    },
    {
      "type": "Feature",
      "properties": {
        "@id": "relation/8421482",
        "admin_level": "10",
        "boundary": "administrative",
        "name": "Barangay 320",
        "type": "boundary"
      },
      "geometry": {
        "type": "Polygon",
        "coordinates": [
          [
            [
              120.9824578,
              14.6110086
            ],
            [
              120.982495,
              14.6110039
            ],
            [
              120.9828805,
              14.6109796
            ],
            [
              120.9833102,
              14.61095
            ],
            [
              120.9837612,
              14.6109121
            ],
            [
              120.9842782,
              14.6108686
            ],
            [
              120.984299,
              14.6111623
            ],
            [
              120.9843109,
              14.6113293
            ],
            [
              120.9843581,
              14.6119959
            ],
            [
              120.9838489,
              14.6120269
            ],
            [
              120.9833872,
              14.612055
            ],
            [
              120.982959,
              14.6120839
            ],
            [
              120.9825825,
              14.6121136
            ],
            [
              120.9825252,
              14.6121181
            ],
            [
              120.9824578,
              14.6110086
            ]
          ]
        ]
      },
      "id": "relation/8421482"
    },
    {
      "type": "Feature",
      "properties": {
        "@id": "relation/8421483",
        "admin_level": "10",
        "boundary": "administrative",
        "name": "Barangay 325",
        "type": "boundary"
      },
      "geometry": {
        "type": "Polygon",
        "coordinates": [
          [
            [
              120.9825252,
              14.6121181
            ],
            [
              120.9825825,
              14.6121136
            ],
            [
              120.982959,
              14.6120839
            ],
            [
              120.9833872,
              14.612055
            ],
            [
              120.9834055,
              14.6123189
            ],
            [
              120.9834177,
              14.612481
            ],
            [
              120.9834316,
              14.6126665
            ],
            [
              120.9834432,
              14.6128196
            ],
            [
              120.9834627,
              14.6130787
            ],
            [
              120.9830519,
              14.6131075
            ],
            [
              120.9826533,
              14.6131339
            ],
            [
              120.9826095,
              14.6131372
            ],
            [
              120.9825252,
              14.6121181
            ]
          ]
        ]
      },
      "id": "relation/8421483"
    },
    {
      "type": "Feature",
      "properties": {
        "@id": "relation/8421484",
        "admin_level": "10",
        "boundary": "administrative",
        "name": "Barangay 324",
        "type": "boundary"
      },
      "geometry": {
        "type": "Polygon",
        "coordinates": [
          [
            [
              120.9833872,
              14.612055
            ],
            [
              120.9838489,
              14.6120269
            ],
            [
              120.9843581,
              14.6119959
            ],
            [
              120.9844218,
              14.6130035
            ],
            [
              120.9839545,
              14.613043
            ],
            [
              120.9834627,
              14.6130787
            ],
            [
              120.9834432,
              14.6128196
            ],
            [
              120.9834316,
              14.6126665
            ],
            [
              120.9834177,
              14.612481
            ],
            [
              120.9834055,
              14.6123189
            ],
            [
              120.9833872,
              14.612055
            ]
          ]
        ]
      },
      "id": "relation/8421484"
    },
    {
      "type": "Feature",
      "properties": {
        "@id": "relation/8421485",
        "admin_level": "10",
        "boundary": "administrative",
        "name": "Barangay 323",
        "type": "boundary"
      },
      "geometry": {
        "type": "Polygon",
        "coordinates": [
          [
            [
              120.9862399,
              14.6118516
            ],
            [
              120.9862889,
              14.611853
            ],
            [
              120.9863788,
              14.6128297
            ],
            [
              120.986325,
              14.6128697
            ],
            [
              120.9859557,
              14.6128961
            ],
            [
              120.9856453,
              14.6129178
            ],
            [
              120.985262,
              14.6129447
            ],
            [
              120.9848436,
              14.612974
            ],
            [
              120.9844218,
              14.6130035
            ],
            [
              120.9843581,
              14.6119959
            ],
            [
              120.9847555,
              14.6119654
            ],
            [
              120.985186,
              14.6119324
            ],
            [
              120.9856058,
              14.6119002
            ],
            [
              120.9858904,
              14.6118784
            ],
            [
              120.9862399,
              14.6118516
            ]
          ]
        ]
      },
      "id": "relation/8421485"
    },
    {
      "type": "Feature",
      "properties": {
        "@id": "relation/8421512",
        "admin_level": "10",
        "boundary": "administrative",
        "name": "Barangay 462",
        "type": "boundary"
      },
      "geometry": {
        "type": "Polygon",
        "coordinates": [
          [
            [
              120.9867497,
              14.606328
            ],
            [
              120.9861687,
              14.6058568
            ],
            [
              120.9863452,
              14.6056715
            ],
            [
              120.9867891,
              14.605213
            ],
            [
              120.9868208,
              14.6051793
            ],
            [
              120.9868583,
              14.6051394
            ],
            [
              120.9868924,
              14.6051043
            ],
            [
              120.9871163,
              14.6051591
            ],
            [
              120.9877112,
              14.6053062
            ],
            [
              120.9879631,
              14.6053676
            ],
            [
              120.98809,
              14.6053958
            ],
            [
              120.9883225,
              14.6055807
            ],
            [
              120.9883759,
              14.6056981
            ],
            [
              120.9883441,
              14.6057314
            ],
            [
              120.9882908,
              14.6057885
            ],
            [
              120.9873113,
              14.6068078
            ],
            [
              120.987025,
              14.6065722
            ],
            [
              120.9867497,
              14.606328
            ]
          ]
        ]
      },
      "id": "relation/8421512"
    },
    {
      "type": "Feature",
      "properties": {
        "@id": "relation/8421513",
        "admin_level": "10",
        "boundary": "administrative",
        "name": "Barangay 463",
        "type": "boundary"
      },
      "geometry": {
        "type": "Polygon",
        "coordinates": [
          [
            [
              120.9858751,
              14.6072853
            ],
            [
              120.9859141,
              14.6072171
            ],
            [
              120.9859872,
              14.6071393
            ],
            [
              120.9867497,
              14.606328
            ],
            [
              120.987025,
              14.6065722
            ],
            [
              120.9873113,
              14.6068078
            ],
            [
              120.986283,
              14.6078869
            ],
            [
              120.9859763,
              14.6076298
            ],
            [
              120.9858958,
              14.6075032
            ],
            [
              120.9858751,
              14.6072853
            ]
          ]
        ]
      },
      "id": "relation/8421513"
    },
    {
      "type": "Feature",
      "properties": {
        "@id": "relation/8421514",
        "admin_level": "10",
        "boundary": "administrative",
        "name": "Barangay 464",
        "type": "boundary"
      },
      "geometry": {
        "type": "Polygon",
        "coordinates": [
          [
            [
              120.9853431,
              14.6045914
            ],
            [
              120.9853965,
              14.6046985
            ],
            [
              120.9854801,
              14.604757
            ],
            [
              120.9855897,
              14.6047997
            ],
            [
              120.9868924,
              14.6051043
            ],
            [
              120.9868583,
              14.6051394
            ],
            [
              120.9868208,
              14.6051793
            ],
            [
              120.9867891,
              14.605213
            ],
            [
              120.9863452,
              14.6056715
            ],
            [
              120.9861687,
              14.6058568
            ],
            [
              120.9867497,
              14.606328
            ],
            [
              120.9859872,
              14.6071393
            ],
            [
              120.9859141,
              14.6072171
            ],
            [
              120.9858751,
              14.6072853
            ],
            [
              120.9855701,
              14.6056615
            ],
            [
              120.9853431,
              14.6045914
            ]
          ]
        ]
      },
      "id": "relation/8421514"
    },
    {
      "type": "Feature",
      "properties": {
        "@id": "relation/8421515",
        "admin_level": "10",
        "boundary": "administrative",
        "name": "Barangay 465",
        "type": "boundary"
      },
      "geometry": {
        "type": "Polygon",
        "coordinates": [
          [
            [
              120.9878611,
              14.6073024
            ],
            [
              120.9881207,
              14.6075359
            ],
            [
              120.9884042,
              14.6077908
            ],
            [
              120.9878842,
              14.6083418
            ],
            [
              120.9878637,
              14.6083647
            ],
            [
              120.9873778,
              14.6088606
            ],
            [
              120.9871073,
              14.6086158
            ],
            [
              120.986827,
              14.6083766
            ],
            [
              120.9878611,
              14.6073024
            ]
          ]
        ]
      },
      "id": "relation/8421515"
    },
    {
      "type": "Feature",
      "properties": {
        "@id": "relation/8421516",
        "admin_level": "10",
        "boundary": "administrative",
        "name": "Barangay 466",
        "type": "boundary"
      },
      "geometry": {
        "type": "Polygon",
        "coordinates": [
          [
            [
              120.9861083,
              14.6094608
            ],
            [
              120.9860598,
              14.6088514
            ],
            [
              120.9860074,
              14.6082496
            ],
            [
              120.9859408,
              14.6077761
            ],
            [
              120.9858958,
              14.6075032
            ],
            [
              120.9859763,
              14.6076298
            ],
            [
              120.986283,
              14.6078869
            ],
            [
              120.98655,
              14.6081256
            ],
            [
              120.986827,
              14.6083766
            ],
            [
              120.9871073,
              14.6086158
            ],
            [
              120.9873778,
              14.6088606
            ],
            [
              120.9863659,
              14.6099144
            ],
            [
              120.9862686,
              14.6098357
            ],
            [
              120.9861846,
              14.6097685
            ],
            [
              120.9861357,
              14.6097347
            ],
            [
              120.9861083,
              14.6094608
            ]
          ]
        ]
      },
      "id": "relation/8421516"
    },
    {
      "type": "Feature",
      "properties": {
        "@id": "relation/8421517",
        "admin_level": "10",
        "boundary": "administrative",
        "name": "Barangay 467",
        "type": "boundary"
      },
      "geometry": {
        "type": "Polygon",
        "coordinates": [
          [
            [
              120.9873113,
              14.6068078
            ],
            [
              120.9875858,
              14.6070547
            ],
            [
              120.9878611,
              14.6073024
            ],
            [
              120.986827,
              14.6083766
            ],
            [
              120.98655,
              14.6081256
            ],
            [
              120.986283,
              14.6078869
            ],
            [
              120.9873113,
              14.6068078
            ]
          ]
        ]
      },
      "id": "relation/8421517"
    },
    {
      "type": "Feature",
      "properties": {
        "@id": "relation/8421518",
        "admin_level": "10",
        "boundary": "administrative",
        "name": "Barangay 468",
        "type": "boundary"
      },
      "geometry": {
        "type": "Polygon",
        "coordinates": [
          [
            [
              120.9883441,
              14.6057314
            ],
            [
              120.9883759,
              14.6056981
            ],
            [
              120.9885426,
              14.6058452
            ],
            [
              120.9889183,
              14.606187
            ],
            [
              120.9888878,
              14.6062209
            ],
            [
              120.9878611,
              14.6073024
            ],
            [
              120.9875858,
              14.6070547
            ],
            [
              120.9873113,
              14.6068078
            ],
            [
              120.9882908,
              14.6057885
            ],
            [
              120.9883441,
              14.6057314
            ]
          ]
        ]
      },
      "id": "relation/8421518"
    },
    {
      "type": "Feature",
      "properties": {
        "@id": "relation/8421519",
        "admin_level": "10",
        "boundary": "administrative",
        "name": "Barangay 469",
        "type": "boundary"
      },
      "geometry": {
        "type": "Polygon",
        "coordinates": [
          [
            [
              120.9888878,
              14.6062209
            ],
            [
              120.9889183,
              14.606187
            ],
            [
              120.9894767,
              14.6066803
            ],
            [
              120.9894405,
              14.6067195
            ],
            [
              120.9893699,
              14.606797
            ],
            [
              120.9889945,
              14.6071846
            ],
            [
              120.9884042,
              14.6077908
            ],
            [
              120.9881207,
              14.6075359
            ],
            [
              120.9878611,
              14.6073024
            ],
            [
              120.9888878,
              14.6062209
            ]
          ]
        ]
      },
      "id": "relation/8421519"
    },
    {
      "type": "Feature",
      "properties": {
        "@id": "relation/8421520",
        "admin_level": "10",
        "boundary": "administrative",
        "name": "Barangay 470",
        "type": "boundary"
      },
      "geometry": {
        "type": "Polygon",
        "coordinates": [
          [
            [
              120.9882576,
              14.6116245
            ],
            [
              120.9879889,
              14.611381
            ],
            [
              120.9877157,
              14.6111393
            ],
            [
              120.9876728,
              14.6111004
            ],
            [
              120.9874581,
              14.6109058
            ],
            [
              120.9873978,
              14.6108525
            ],
            [
              120.9872111,
              14.6106821
            ],
            [
              120.9871694,
              14.6106444
            ],
            [
              120.9868985,
              14.6104008
            ],
            [
              120.9864267,
              14.6099714
            ],
            [
              120.9863659,
              14.6099144
            ],
            [
              120.9873778,
              14.6088606
            ],
            [
              120.9878637,
              14.6083647
            ],
            [
              120.9878842,
              14.6083418
            ],
            [
              120.9884042,
              14.6077908
            ],
            [
              120.9889945,
              14.6071846
            ],
            [
              120.9893699,
              14.606797
            ],
            [
              120.9894405,
              14.6067195
            ],
            [
              120.9894767,
              14.6066803
            ],
            [
              120.9909372,
              14.6080469
            ],
            [
              120.9921611,
              14.6091451
            ],
            [
              120.9928002,
              14.6097136
            ],
            [
              120.9887098,
              14.6139783
            ],
            [
              120.9878045,
              14.6131705
            ],
            [
              120.9872527,
              14.6126715
            ],
            [
              120.9872905,
              14.6126325
            ],
            [
              120.9873344,
              14.6125869
            ],
            [
              120.9882576,
              14.6116245
            ]
          ]
        ]
      },
      "id": "relation/8421520"
    },
    {
      "type": "Feature",
      "properties": {
        "@id": "relation/8421521",
        "admin_level": "10",
        "boundary": "administrative",
        "name": "Barangay 471",
        "type": "boundary"
      },
      "geometry": {
        "type": "Polygon",
        "coordinates": [
          [
            [
              120.9862086,
              14.6107325
            ],
            [
              120.9861494,
              14.609958
            ],
            [
              120.9861357,
              14.6097347
            ],
            [
              120.9861846,
              14.6097685
            ],
            [
              120.9862686,
              14.6098357
            ],
            [
              120.9863659,
              14.6099144
            ],
            [
              120.9864267,
              14.6099714
            ],
            [
              120.9868985,
              14.6104008
            ],
            [
              120.9871694,
              14.6106444
            ],
            [
              120.9872111,
              14.6106821
            ],
            [
              120.9873978,
              14.6108525
            ],
            [
              120.9874581,
              14.6109058
            ],
            [
              120.9876728,
              14.6111004
            ],
            [
              120.9877157,
              14.6111393
            ],
            [
              120.9879889,
              14.611381
            ],
            [
              120.9882576,
              14.6116245
            ],
            [
              120.9873344,
              14.6125869
            ],
            [
              120.9872905,
              14.6126325
            ],
            [
              120.9872527,
              14.6126715
            ],
            [
              120.9862789,
              14.6117445
            ],
            [
              120.9862086,
              14.6107325
            ]
          ]
        ]
      },
      "id": "relation/8421521"
    },
    {
      "type": "Feature",
      "properties": {
        "@id": "relation/8769845",
        "admin_level": "10",
        "boundary": "administrative",
        "name": "Barangay 691",
        "type": "boundary"
      },
      "geometry": {
        "type": "Polygon",
        "coordinates": [
          [
            [
              120.9926455,
              14.5716338
            ],
            [
              120.9931503,
              14.5722588
            ],
            [
              120.9931196,
              14.5723171
            ],
            [
              120.9929295,
              14.5726422
            ],
            [
              120.9924571,
              14.5734856
            ],
            [
              120.9924275,
              14.5735402
            ],
            [
              120.9921001,
              14.5733652
            ],
            [
              120.9917775,
              14.5732051
            ],
            [
              120.9924482,
              14.5720186
            ],
            [
              120.992624,
              14.5717076
            ],
            [
              120.9926455,
              14.5716338
            ]
          ]
        ]
      },
      "id": "relation/8769845"
    },
    {
      "type": "Feature",
      "properties": {
        "@id": "relation/8769846",
        "admin_level": "10",
        "boundary": "administrative",
        "name": "Barangay 692",
        "type": "boundary"
      },
      "geometry": {
        "type": "Polygon",
        "coordinates": [
          [
            [
              120.9926455,
              14.5716338
            ],
            [
              120.992624,
              14.5717076
            ],
            [
              120.9924482,
              14.5720186
            ],
            [
              120.9917775,
              14.5732051
            ],
            [
              120.9914585,
              14.5730336
            ],
            [
              120.9913904,
              14.5729971
            ],
            [
              120.9911241,
              14.5728518
            ],
            [
              120.9903996,
              14.572455
            ],
            [
              120.9903582,
              14.5724324
            ],
            [
              120.9915622,
              14.5702771
            ],
            [
              120.9926455,
              14.5716338
            ]
          ]
        ]
      },
      "id": "relation/8769846"
    },
    {
      "type": "Feature",
      "properties": {
        "@id": "relation/8769847",
        "admin_level": "10",
        "boundary": "administrative",
        "name": "Barangay 703",
        "type": "boundary"
      },
      "geometry": {
        "type": "Polygon",
        "coordinates": [
          [
            [
              120.9889892,
              14.5699156
            ],
            [
              120.9890646,
              14.5699352
            ],
            [
              120.9890948,
              14.5699398
            ],
            [
              120.9898742,
              14.5700591
            ],
            [
              120.990123,
              14.5700997
            ],
            [
              120.9901555,
              14.5701041
            ],
            [
              120.9907182,
              14.5701798
            ],
            [
              120.9909431,
              14.5702062
            ],
            [
              120.9911302,
              14.570238
            ],
            [
              120.9913984,
              14.5702807
            ],
            [
              120.991436,
              14.5702867
            ],
            [
              120.9914914,
              14.5702961
            ],
            [
              120.9915622,
              14.5702771
            ],
            [
              120.9903582,
              14.5724324
            ],
            [
              120.9903166,
              14.57241
            ],
            [
              120.9898697,
              14.5721741
            ],
            [
              120.9896454,
              14.5720532
            ],
            [
              120.9889386,
              14.5716809
            ],
            [
              120.9882182,
              14.5712875
            ],
            [
              120.9885022,
              14.5707728
            ],
            [
              120.9889892,
              14.5699156
            ]
          ]
        ]
      },
      "id": "relation/8769847"
    },
    {
      "type": "Feature",
      "properties": {
        "@id": "relation/8769848",
        "admin_level": "10",
        "boundary": "administrative",
        "name": "Barangay 702",
        "type": "boundary"
      },
      "geometry": {
        "type": "Polygon",
        "coordinates": [
          [
            [
              120.9886132,
              14.5697325
            ],
            [
              120.9886934,
              14.5697714
            ],
            [
              120.9889892,
              14.5699156
            ],
            [
              120.9885022,
              14.5707728
            ],
            [
              120.9882182,
              14.5712875
            ],
            [
              120.9877932,
              14.5710572
            ],
            [
              120.9874858,
              14.5708852
            ],
            [
              120.986796,
              14.5705248
            ],
            [
              120.9862549,
              14.5701657
            ],
            [
              120.9861358,
              14.5701294
            ],
            [
              120.9867971,
              14.5689498
            ],
            [
              120.9871184,
              14.5690398
            ],
            [
              120.9871517,
              14.5690491
            ],
            [
              120.9872322,
              14.5690893
            ],
            [
              120.9874776,
              14.5692104
            ],
            [
              120.987777,
              14.5693509
            ],
            [
              120.9878739,
              14.5693964
            ],
            [
              120.9882141,
              14.5695556
            ],
            [
              120.9886132,
              14.5697325
            ]
          ]
        ]
      },
      "id": "relation/8769848"
    },
    {
      "type": "Feature",
      "properties": {
        "@id": "relation/8769849",
        "admin_level": "10",
        "boundary": "administrative",
        "name": "Barangay 700",
        "type": "boundary"
      },
      "geometry": {
        "type": "Polygon",
        "coordinates": [
          [
            [
              120.9833303,
              14.5682875
            ],
            [
              120.9834416,
              14.5683309
            ],
            [
              120.9835407,
              14.5683696
            ],
            [
              120.9838784,
              14.5684976
            ],
            [
              120.9842156,
              14.5686242
            ],
            [
              120.9842344,
              14.5686333
            ],
            [
              120.9843252,
              14.5686527
            ],
            [
              120.984394,
              14.5686567
            ],
            [
              120.9844512,
              14.5686452
            ],
            [
              120.9845364,
              14.5686406
            ],
            [
              120.984609,
              14.5686429
            ],
            [
              120.9846861,
              14.5686578
            ],
            [
              120.9851025,
              14.5688142
            ],
            [
              120.9851582,
              14.5688272
            ],
            [
              120.9852256,
              14.5688369
            ],
            [
              120.9859605,
              14.5688743
            ],
            [
              120.9867971,
              14.5689498
            ],
            [
              120.9861358,
              14.5701294
            ],
            [
              120.9854166,
              14.5698522
            ],
            [
              120.9848938,
              14.5696515
            ],
            [
              120.9842267,
              14.5693733
            ],
            [
              120.9841753,
              14.5693518
            ],
            [
              120.9840905,
              14.5693114
            ],
            [
              120.9839424,
              14.5692409
            ],
            [
              120.9838934,
              14.5692175
            ],
            [
              120.9836273,
              14.5690908
            ],
            [
              120.9833039,
              14.5689367
            ],
            [
              120.9831771,
              14.5688794
            ],
            [
              120.9830844,
              14.5688375
            ],
            [
              120.9826809,
              14.5686574
            ],
            [
              120.9829152,
              14.5681323
            ],
            [
              120.9833303,
              14.5682875
            ]
          ]
        ]
      },
      "id": "relation/8769849"
    },
    {
      "type": "Feature",
      "properties": {
        "@id": "relation/8770214",
        "admin_level": "10",
        "boundary": "administrative",
        "name": "Barangay 690",
        "type": "boundary"
      },
      "geometry": {
        "type": "Polygon",
        "coordinates": [
          [
            [
              120.9924275,
              14.5735402
            ],
            [
              120.992378,
              14.5736271
            ],
            [
              120.9916962,
              14.574854
            ],
            [
              120.9913622,
              14.5746788
            ],
            [
              120.9910326,
              14.5745069
            ],
            [
              120.9917775,
              14.5732051
            ],
            [
              120.9921001,
              14.5733652
            ],
            [
              120.9924275,
              14.5735402
            ]
          ]
        ]
      },
      "id": "relation/8770214"
    },
    {
      "type": "Feature",
      "properties": {
        "@id": "relation/8770215",
        "admin_level": "10",
        "boundary": "administrative",
        "name": "Barangay 693",
        "type": "boundary"
      },
      "geometry": {
        "type": "Polygon",
        "coordinates": [
          [
            [
              120.9903996,
              14.572455
            ],
            [
              120.9911241,
              14.5728518
            ],
            [
              120.9913904,
              14.5729971
            ],
            [
              120.9914585,
              14.5730336
            ],
            [
              120.9917775,
              14.5732051
            ],
            [
              120.9910326,
              14.5745069
            ],
            [
              120.9907161,
              14.5743357
            ],
            [
              120.9903985,
              14.5741678
            ],
            [
              120.9900854,
              14.5740009
            ],
            [
              120.9896565,
              14.5737742
            ],
            [
              120.9896158,
              14.5737527
            ],
            [
              120.9903582,
              14.5724324
            ],
            [
              120.9903996,
              14.572455
            ]
          ]
        ]
      },
      "id": "relation/8770215"
    },
    {
      "type": "Feature",
      "properties": {
        "@id": "relation/8770221",
        "admin_level": "10",
        "boundary": "administrative",
        "name": "Barangay 689",
        "type": "boundary"
      },
      "geometry": {
        "type": "Polygon",
        "coordinates": [
          [
            [
              120.9931196,
              14.5723171
            ],
            [
              120.9931503,
              14.5722588
            ],
            [
              120.9932939,
              14.5724382
            ],
            [
              120.9936575,
              14.5728873
            ],
            [
              120.9936287,
              14.5729379
            ],
            [
              120.9934432,
              14.5732618
            ],
            [
              120.9930827,
              14.5738947
            ],
            [
              120.9924376,
              14.5750771
            ],
            [
              120.9923649,
              14.5752045
            ],
            [
              120.9920201,
              14.5750335
            ],
            [
              120.9916962,
              14.574854
            ],
            [
              120.992378,
              14.5736271
            ],
            [
              120.9924275,
              14.5735402
            ],
            [
              120.9924571,
              14.5734856
            ],
            [
              120.9929295,
              14.5726422
            ],
            [
              120.9931196,
              14.5723171
            ]
          ]
        ]
      },
      "id": "relation/8770221"
    },
    {
      "type": "Feature",
      "properties": {
        "@id": "relation/8770222",
        "admin_level": "10",
        "boundary": "administrative",
        "name": "Barangay 688",
        "type": "boundary"
      },
      "geometry": {
        "type": "Polygon",
        "coordinates": [
          [
            [
              120.9930827,
              14.5738947
            ],
            [
              120.9934432,
              14.5732618
            ],
            [
              120.9936287,
              14.5729379
            ],
            [
              120.9936575,
              14.5728873
            ],
            [
              120.9940659,
              14.5733919
            ],
            [
              120.9941502,
              14.5734969
            ],
            [
              120.9948126,
              14.5743226
            ],
            [
              120.9947754,
              14.5744109
            ],
            [
              120.9941876,
              14.5758667
            ],
            [
              120.9940894,
              14.5758154
            ],
            [
              120.9938011,
              14.5757463
            ],
            [
              120.9934931,
              14.5756797
            ],
            [
              120.9930729,
              14.5755637
            ],
            [
              120.9928903,
              14.5754938
            ],
            [
              120.9923649,
              14.5752045
            ],
            [
              120.9924376,
              14.5750771
            ],
            [
              120.9930827,
              14.5738947
            ]
          ]
        ]
      },
      "id": "relation/8770222"
    },
    {
      "type": "Feature",
      "properties": {
        "@id": "relation/8770230",
        "admin_level": "10",
        "boundary": "administrative",
        "name": "Barangay 694",
        "type": "boundary"
      },
      "geometry": {
        "type": "Polygon",
        "coordinates": [
          [
            [
              120.9896565,
              14.5737742
            ],
            [
              120.9900854,
              14.5740009
            ],
            [
              120.9903985,
              14.5741678
            ],
            [
              120.9907161,
              14.5743357
            ],
            [
              120.9910326,
              14.5745069
            ],
            [
              120.9913622,
              14.5746788
            ],
            [
              120.9916962,
              14.574854
            ],
            [
              120.991149,
              14.5758572
            ],
            [
              120.9910134,
              14.5760924
            ],
            [
              120.9908174,
              14.5764288
            ],
            [
              120.9906099,
              14.576785
            ],
            [
              120.9904818,
              14.5770144
            ],
            [
              120.9898007,
              14.5767273
            ],
            [
              120.9897447,
              14.5767026
            ],
            [
              120.989105,
              14.5764377
            ],
            [
              120.988398,
              14.5761317
            ],
            [
              120.9883845,
              14.5761265
            ],
            [
              120.9883507,
              14.576111
            ],
            [
              120.9883001,
              14.5760886
            ],
            [
              120.9896158,
              14.5737527
            ],
            [
              120.9896565,
              14.5737742
            ]
          ]
        ]
      },
      "id": "relation/8770230"
    },
    {
      "type": "Feature",
      "properties": {
        "@id": "relation/8770231",
        "admin_level": "10",
        "boundary": "administrative",
        "name": "Barangay 695",
        "type": "boundary"
      },
      "geometry": {
        "type": "Polygon",
        "coordinates": [
          [
            [
              120.9923649,
              14.5752045
            ],
            [
              120.9928903,
              14.5754938
            ],
            [
              120.9930729,
              14.5755637
            ],
            [
              120.9930296,
              14.5756604
            ],
            [
              120.9929789,
              14.5757732
            ],
            [
              120.9928112,
              14.5761471
            ],
            [
              120.9927201,
              14.57635
            ],
            [
              120.9925944,
              14.5766182
            ],
            [
              120.9925603,
              14.576693
            ],
            [
              120.9921368,
              14.5776506
            ],
            [
              120.9921004,
              14.5777247
            ],
            [
              120.9916955,
              14.5775537
            ],
            [
              120.9911499,
              14.5773233
            ],
            [
              120.9907172,
              14.5771198
            ],
            [
              120.9904818,
              14.5770144
            ],
            [
              120.9906099,
              14.576785
            ],
            [
              120.9908174,
              14.5764288
            ],
            [
              120.9910134,
              14.5760924
            ],
            [
              120.991149,
              14.5758572
            ],
            [
              120.9916962,
              14.574854
            ],
            [
              120.9920201,
              14.5750335
            ],
            [
              120.9923649,
              14.5752045
            ]
          ]
        ]
      },
      "id": "relation/8770231"
    },
    {
      "type": "Feature",
      "properties": {
        "@id": "relation/8770232",
        "admin_level": "10",
        "boundary": "administrative",
        "name": "Barangay 687",
        "type": "boundary"
      },
      "geometry": {
        "type": "MultiPolygon",
        "coordinates": [
          [
            [
              [
                120.9921004,
                14.5777247
              ],
              [
                120.992146,
                14.5777455
              ],
              [
                120.9927953,
                14.5780158
              ],
              [
                120.9929861,
                14.5780903
              ],
              [
                120.9930963,
                14.5781334
              ],
              [
                120.9932673,
                14.5782045
              ],
              [
                120.9930963,
                14.5781334
              ],
              [
                120.9929861,
                14.5780903
              ],
              [
                120.9927953,
                14.5780158
              ],
              [
                120.992146,
                14.5777455
              ],
              [
                120.9921004,
                14.5777247
              ]
            ]
          ],
          [
            [
              [
                120.9941876,
                14.5758667
              ],
              [
                120.9940416,
                14.576236
              ],
              [
                120.9939088,
                14.5765721
              ],
              [
                120.993839,
                14.5767452
              ],
              [
                120.9937761,
                14.576901
              ],
              [
                120.9935484,
                14.5774648
              ],
              [
                120.9934986,
                14.5775882
              ],
              [
                120.9932673,
                14.5782045
              ],
              [
                120.9930963,
                14.5781334
              ],
              [
                120.9929861,
                14.5780903
              ],
              [
                120.9927953,
                14.5780158
              ],
              [
                120.992146,
                14.5777455
              ],
              [
                120.9921004,
                14.5777247
              ],
              [
                120.9921368,
                14.5776506
              ],
              [
                120.9925603,
                14.576693
              ],
              [
                120.9925944,
                14.5766182
              ],
              [
                120.9927201,
                14.57635
              ],
              [
                120.9928112,
                14.5761471
              ],
              [
                120.9929789,
                14.5757732
              ],
              [
                120.9930296,
                14.5756604
              ],
              [
                120.9930729,
                14.5755637
              ],
              [
                120.9934931,
                14.5756797
              ],
              [
                120.9938011,
                14.5757463
              ],
              [
                120.9940894,
                14.5758154
              ],
              [
                120.9941876,
                14.5758667
              ]
            ]
          ]
        ]
      },
      "id": "relation/8770232"
    },
    {
      "type": "Feature",
      "properties": {
        "@id": "relation/8770239",
        "admin_level": "10",
        "boundary": "administrative",
        "name": "Barangay 698",
        "type": "boundary"
      },
      "geometry": {
        "type": "Polygon",
        "coordinates": [
          [
            [
              120.9838587,
              14.5741701
            ],
            [
              120.9844566,
              14.5731367
            ],
            [
              120.9845821,
              14.5729265
            ],
            [
              120.9847896,
              14.5725789
            ],
            [
              120.9848371,
              14.5724904
            ],
            [
              120.9851321,
              14.5719564
            ],
            [
              120.9853879,
              14.5714908
            ],
            [
              120.9856364,
              14.5710384
            ],
            [
              120.9857449,
              14.570841
            ],
            [
              120.9861358,
              14.5701294
            ],
            [
              120.9862549,
              14.5701657
            ],
            [
              120.986796,
              14.5705248
            ],
            [
              120.9874858,
              14.5708852
            ],
            [
              120.9867489,
              14.5721975
            ],
            [
              120.9861779,
              14.573191
            ],
            [
              120.9858441,
              14.5738049
            ],
            [
              120.9853059,
              14.5747972
            ],
            [
              120.9847288,
              14.5745471
            ],
            [
              120.9845323,
              14.574462
            ],
            [
              120.9843247,
              14.574372
            ],
            [
              120.9838587,
              14.5741701
            ]
          ]
        ]
      },
      "id": "relation/8770239"
    },
    {
      "type": "Feature",
      "properties": {
        "@id": "relation/8770240",
        "admin_level": "10",
        "boundary": "administrative",
        "name": "Barangay 697",
        "type": "boundary"
      },
      "geometry": {
        "type": "Polygon",
        "coordinates": [
          [
            [
              120.9882182,
              14.5712875
            ],
            [
              120.9889386,
              14.5716809
            ],
            [
              120.9881981,
              14.5729854
            ],
            [
              120.9876345,
              14.5739785
            ],
            [
              120.987023,
              14.5750554
            ],
            [
              120.9867993,
              14.5754494
            ],
            [
              120.98631,
              14.5752319
            ],
            [
              120.9860657,
              14.5751241
            ],
            [
              120.9857635,
              14.5749931
            ],
            [
              120.9853059,
              14.5747972
            ],
            [
              120.9858441,
              14.5738049
            ],
            [
              120.9861779,
              14.573191
            ],
            [
              120.9867489,
              14.5721975
            ],
            [
              120.9874858,
              14.5708852
            ],
            [
              120.9877932,
              14.5710572
            ],
            [
              120.9882182,
              14.5712875
            ]
          ]
        ]
      },
      "id": "relation/8770240"
    },
    {
      "type": "Feature",
      "properties": {
        "@id": "relation/8770241",
        "admin_level": "10",
        "boundary": "administrative",
        "name": "Barangay 696",
        "type": "boundary"
      },
      "geometry": {
        "type": "Polygon",
        "coordinates": [
          [
            [
              120.9889386,
              14.5716809
            ],
            [
              120.9896454,
              14.5720532
            ],
            [
              120.9898697,
              14.5721741
            ],
            [
              120.9903166,
              14.57241
            ],
            [
              120.9903582,
              14.5724324
            ],
            [
              120.9896158,
              14.5737527
            ],
            [
              120.9883001,
              14.5760886
            ],
            [
              120.9882534,
              14.576069
            ],
            [
              120.9881868,
              14.5760397
            ],
            [
              120.9881803,
              14.5760368
            ],
            [
              120.9881174,
              14.5760091
            ],
            [
              120.9880531,
              14.5759808
            ],
            [
              120.9875511,
              14.5757596
            ],
            [
              120.9869244,
              14.575501
            ],
            [
              120.9867993,
              14.5754494
            ],
            [
              120.987023,
              14.5750554
            ],
            [
              120.9876345,
              14.5739785
            ],
            [
              120.9881981,
              14.5729854
            ],
            [
              120.9889386,
              14.5716809
            ]
          ]
        ]
      },
      "id": "relation/8770241"
    },
    {
      "type": "Feature",
      "properties": {
        "@id": "relation/8770249",
        "admin_level": "10",
        "boundary": "administrative",
        "name": "Barangay 676",
        "old_ref": "133911010",
        "population": "1431",
        "population:date": "2020-05-01",
        "ref": "1380611010",
        "source:population": "Philippine Statistics Authority",
        "type": "boundary"
      },
      "geometry": {
        "type": "Polygon",
        "coordinates": [
          [
            [
              120.987665,
              14.5773109
            ],
            [
              120.9880059,
              14.5774924
            ],
            [
              120.9883943,
              14.5776992
            ],
            [
              120.9890462,
              14.5780496
            ],
            [
              120.9893432,
              14.5782084
            ],
            [
              120.989682,
              14.5783896
            ],
            [
              120.9903596,
              14.5787434
            ],
            [
              120.9911924,
              14.5792017
            ],
            [
              120.9907319,
              14.579437
            ],
            [
              120.9900901,
              14.579765
            ],
            [
              120.9898452,
              14.5798848
            ],
            [
              120.9897418,
              14.5799339
            ],
            [
              120.9895745,
              14.5800208
            ],
            [
              120.9888409,
              14.5804214
            ],
            [
              120.9884444,
              14.5806514
            ],
            [
              120.9883218,
              14.5807138
            ],
            [
              120.9880633,
              14.5808516
            ],
            [
              120.9879545,
              14.5808959
            ],
            [
              120.9875114,
              14.5811314
            ],
            [
              120.9871228,
              14.5813371
            ],
            [
              120.9866733,
              14.5815751
            ],
            [
              120.9866422,
              14.5815917
            ],
            [
              120.9862728,
              14.5817891
            ],
            [
              120.9861787,
              14.5818391
            ],
            [
              120.986015,
              14.5819198
            ],
            [
              120.985016,
              14.5824121
            ],
            [
              120.9849029,
              14.5824753
            ],
            [
              120.9848659,
              14.5824896
            ],
            [
              120.9846866,
              14.5824105
            ],
            [
              120.9860981,
              14.5799178
            ],
            [
              120.9876104,
              14.5772797
            ],
            [
              120.987665,
              14.5773109
            ]
          ]
        ]
      },
      "id": "relation/8770249"
    },
    {
      "type": "Feature",
      "properties": {
        "@id": "relation/8770250",
        "admin_level": "10",
        "boundary": "administrative",
        "name": "Barangay 675",
        "old_ref": "133911009",
        "population": "1988",
        "population:date": "2020-05-01",
        "ref": "1380611009",
        "source:population": "Philippine Statistics Authority",
        "type": "boundary"
      },
      "geometry": {
        "type": "Polygon",
        "coordinates": [
          [
            [
              120.9930963,
              14.5781334
            ],
            [
              120.9922393,
              14.5786145
            ],
            [
              120.9911924,
              14.5792017
            ],
            [
              120.9903596,
              14.5787434
            ],
            [
              120.989682,
              14.5783896
            ],
            [
              120.9893432,
              14.5782084
            ],
            [
              120.9890462,
              14.5780496
            ],
            [
              120.9883943,
              14.5776992
            ],
            [
              120.9880059,
              14.5774924
            ],
            [
              120.987665,
              14.5773109
            ],
            [
              120.9876104,
              14.5772797
            ],
            [
              120.9883001,
              14.5760886
            ],
            [
              120.9883507,
              14.576111
            ],
            [
              120.9883845,
              14.5761265
            ],
            [
              120.988398,
              14.5761317
            ],
            [
              120.989105,
              14.5764377
            ],
            [
              120.9897447,
              14.5767026
            ],
            [
              120.9898007,
              14.5767273
            ],
            [
              120.9904818,
              14.5770144
            ],
            [
              120.9907172,
              14.5771198
            ],
            [
              120.9911499,
              14.5773233
            ],
            [
              120.9916955,
              14.5775537
            ],
            [
              120.9921004,
              14.5777247
            ],
            [
              120.992146,
              14.5777455
            ],
            [
              120.9927953,
              14.5780158
            ],
            [
              120.9929861,
              14.5780903
            ],
            [
              120.9930963,
              14.5781334
            ],
            [
              120.9932673,
              14.5782045
            ],
            [
              120.9930963,
              14.5781334
            ],
            [
              120.9929861,
              14.5780903
            ],
            [
              120.9927953,
              14.5780158
            ],
            [
              120.992146,
              14.5777455
            ],
            [
              120.9921004,
              14.5777247
            ]
          ]
        ]
      },
      "id": "relation/8770250"
    },
    {
      "type": "Feature",
      "properties": {
        "@id": "relation/8770251",
        "admin_level": "10",
        "boundary": "administrative",
        "name": "Barangay 699",
        "type": "boundary"
      },
      "geometry": {
        "type": "Polygon",
        "coordinates": [
          [
            [
              120.9833039,
              14.5689367
            ],
            [
              120.9836273,
              14.5690908
            ],
            [
              120.9838934,
              14.5692175
            ],
            [
              120.9839424,
              14.5692409
            ],
            [
              120.9840905,
              14.5693114
            ],
            [
              120.9841753,
              14.5693518
            ],
            [
              120.9842267,
              14.5693733
            ],
            [
              120.9848938,
              14.5696515
            ],
            [
              120.9854166,
              14.5698522
            ],
            [
              120.9861358,
              14.5701294
            ],
            [
              120.9857449,
              14.570841
            ],
            [
              120.9856364,
              14.5710384
            ],
            [
              120.9853879,
              14.5714908
            ],
            [
              120.9851321,
              14.5719564
            ],
            [
              120.9848371,
              14.5724904
            ],
            [
              120.9847896,
              14.5725789
            ],
            [
              120.9845821,
              14.5729265
            ],
            [
              120.9844566,
              14.5731367
            ],
            [
              120.9838587,
              14.5741701
            ],
            [
              120.9830777,
              14.5738696
            ],
            [
              120.9830154,
              14.5738459
            ],
            [
              120.982882,
              14.5737962
            ],
            [
              120.9823738,
              14.5736204
            ],
            [
              120.9821365,
              14.5735279
            ],
            [
              120.9819719,
              14.5738635
            ],
            [
              120.981939,
              14.5739305
            ],
            [
              120.9811677,
              14.5736163
            ],
            [
              120.981098,
              14.5735879
            ],
            [
              120.980881,
              14.5734872
            ],
            [
              120.9807414,
              14.5734225
            ],
            [
              120.9805109,
              14.5733156
            ],
            [
              120.9802568,
              14.5731967
            ],
            [
              120.9802943,
              14.5731466
            ],
            [
              120.9803858,
              14.5730547
            ],
            [
              120.9804784,
              14.572921
            ],
            [
              120.9805371,
              14.5728328
            ],
            [
              120.9805756,
              14.572775
            ],
            [
              120.9806554,
              14.5726199
            ],
            [
              120.9807399,
              14.5724394
            ],
            [
              120.9808492,
              14.5722328
            ],
            [
              120.9809129,
              14.5720864
            ],
            [
              120.9809464,
              14.5719566
            ],
            [
              120.9809734,
              14.5718109
            ],
            [
              120.9810095,
              14.5716957
            ],
            [
              120.9810366,
              14.571627
            ],
            [
              120.9810792,
              14.571549
            ],
            [
              120.9811744,
              14.5714348
            ],
            [
              120.9812897,
              14.5712881
            ],
            [
              120.9813948,
              14.5711643
            ],
            [
              120.9814963,
              14.571024
            ],
            [
              120.9816223,
              14.5708001
            ],
            [
              120.9817555,
              14.5705313
            ],
            [
              120.9818222,
              14.5703874
            ],
            [
              120.9818604,
              14.5702971
            ],
            [
              120.9818884,
              14.570259
            ],
            [
              120.9819288,
              14.5702465
            ],
            [
              120.9819963,
              14.5702643
            ],
            [
              120.9826809,
              14.5686574
            ],
            [
              120.9830844,
              14.5688375
            ],
            [
              120.9831771,
              14.5688794
            ],
            [
              120.9833039,
              14.5689367
            ]
          ]
        ]
      },
      "id": "relation/8770251"
    },
    {
      "type": "Feature",
      "properties": {
        "@id": "relation/8770271",
        "admin_level": "10",
        "boundary": "administrative",
        "name": "Barangay 668",
        "old_ref": "133908010",
        "population": "2645",
        "population:date": "2020-05-01",
        "ref": "1380608010",
        "source:population": "Philippine Statistics Authority",
        "type": "boundary"
      },
      "geometry": {
        "type": "Polygon",
        "coordinates": [
          [
            [
              120.9825595,
              14.5764828
            ],
            [
              120.9825179,
              14.5765562
            ],
            [
              120.982245,
              14.5770372
            ],
            [
              120.9818708,
              14.577697
            ],
            [
              120.9813728,
              14.5774243
            ],
            [
              120.9813317,
              14.5774018
            ],
            [
              120.9812677,
              14.5773649
            ],
            [
              120.9805394,
              14.5769446
            ],
            [
              120.9804929,
              14.5769195
            ],
            [
              120.9804266,
              14.5768891
            ],
            [
              120.9802443,
              14.5768054
            ],
            [
              120.9796032,
              14.5764998
            ],
            [
              120.9795543,
              14.576476
            ],
            [
              120.9794754,
              14.5764362
            ],
            [
              120.9793335,
              14.5763647
            ],
            [
              120.9792782,
              14.5763375
            ],
            [
              120.9792208,
              14.5763093
            ],
            [
              120.9789892,
              14.5761973
            ],
            [
              120.9793356,
              14.5755351
            ],
            [
              120.9794836,
              14.5752522
            ],
            [
              120.9800099,
              14.5742833
            ],
            [
              120.9805109,
              14.5733156
            ],
            [
              120.9807414,
              14.5734225
            ],
            [
              120.980881,
              14.5734872
            ],
            [
              120.981098,
              14.5735879
            ],
            [
              120.9811677,
              14.5736163
            ],
            [
              120.981939,
              14.5739305
            ],
            [
              120.9819719,
              14.5738635
            ],
            [
              120.9821365,
              14.5735279
            ],
            [
              120.9823738,
              14.5736204
            ],
            [
              120.982882,
              14.5737962
            ],
            [
              120.9830154,
              14.5738459
            ],
            [
              120.9830777,
              14.5738696
            ],
            [
              120.9838587,
              14.5741701
            ],
            [
              120.9836304,
              14.5745761
            ],
            [
              120.9831958,
              14.5753493
            ],
            [
              120.9831601,
              14.5754128
            ],
            [
              120.9830777,
              14.5755607
            ],
            [
              120.9829828,
              14.5757337
            ],
            [
              120.9825595,
              14.5764828
            ]
          ]
        ]
      },
      "id": "relation/8770271"
    },
    {
      "type": "Feature",
      "properties": {
        "@id": "relation/8770272",
        "admin_level": "10",
        "boundary": "administrative",
        "name": "Barangay 669",
        "old_ref": "133908011",
        "population": "2928",
        "population:date": "2020-05-01",
        "ref": "1380608011",
        "source:population": "Philippine Statistics Authority",
        "type": "boundary"
      },
      "geometry": {
        "type": "Polygon",
        "coordinates": [
          [
            [
              120.9832551,
              14.5784316
            ],
            [
              120.9829884,
              14.5782914
            ],
            [
              120.9828499,
              14.5782182
            ],
            [
              120.9828084,
              14.5781963
            ],
            [
              120.9825137,
              14.5780407
            ],
            [
              120.9818708,
              14.577697
            ],
            [
              120.982245,
              14.5770372
            ],
            [
              120.9825179,
              14.5765562
            ],
            [
              120.9825595,
              14.5764828
            ],
            [
              120.9829828,
              14.5757337
            ],
            [
              120.9830777,
              14.5755607
            ],
            [
              120.9831601,
              14.5754128
            ],
            [
              120.9831958,
              14.5753493
            ],
            [
              120.9836304,
              14.5745761
            ],
            [
              120.9838587,
              14.5741701
            ],
            [
              120.9843247,
              14.574372
            ],
            [
              120.9845323,
              14.574462
            ],
            [
              120.9847288,
              14.5745471
            ],
            [
              120.9853059,
              14.5747972
            ],
            [
              120.9857635,
              14.5749931
            ],
            [
              120.9860657,
              14.5751241
            ],
            [
              120.98631,
              14.5752319
            ],
            [
              120.9867993,
              14.5754494
            ],
            [
              120.9869244,
              14.575501
            ],
            [
              120.9875511,
              14.5757596
            ],
            [
              120.9880531,
              14.5759808
            ],
            [
              120.9881174,
              14.5760091
            ],
            [
              120.9881803,
              14.5760368
            ],
            [
              120.9881868,
              14.5760397
            ],
            [
              120.9882534,
              14.576069
            ],
            [
              120.9883001,
              14.5760886
            ],
            [
              120.9876104,
              14.5772797
            ],
            [
              120.9860981,
              14.5799178
            ],
            [
              120.98604,
              14.5798849
            ],
            [
              120.9859952,
              14.5798602
            ],
            [
              120.9859437,
              14.5798338
            ],
            [
              120.9856231,
              14.5796709
            ],
            [
              120.9853969,
              14.5795566
            ],
            [
              120.9853546,
              14.5795345
            ],
            [
              120.9852141,
              14.5794638
            ],
            [
              120.9849473,
              14.5793284
            ],
            [
              120.9848409,
              14.5792744
            ],
            [
              120.9846928,
              14.5791917
            ],
            [
              120.9843787,
              14.5790223
            ],
            [
              120.9843517,
              14.5790081
            ],
            [
              120.9840809,
              14.5788685
            ],
            [
              120.9839398,
              14.5787941
            ],
            [
              120.9838621,
              14.5787514
            ],
            [
              120.9838303,
              14.5787362
            ],
            [
              120.9837409,
              14.5786889
            ],
            [
              120.9836437,
              14.5786374
            ],
            [
              120.9835127,
              14.5785677
            ],
            [
              120.9834887,
              14.578555
            ],
            [
              120.9832551,
              14.5784316
            ]
          ]
        ]
      },
      "id": "relation/8770272"
    },
    {
      "type": "Feature",
      "properties": {
        "@id": "relation/8770300",
        "admin_level": "10",
        "boundary": "administrative",
        "name": "Barangay 667",
        "old_ref": "133908009",
        "population": "2371",
        "population:date": "2020-05-01",
        "ref": "1380608009",
        "source:population": "Philippine Statistics Authority",
        "type": "boundary"
      },
      "geometry": {
        "type": "Polygon",
        "coordinates": [
          [
            [
              120.9794836,
              14.5752522
            ],
            [
              120.9793356,
              14.5755351
            ],
            [
              120.9789892,
              14.5761973
            ],
            [
              120.9792208,
              14.5763093
            ],
            [
              120.9792782,
              14.5763375
            ],
            [
              120.9793335,
              14.5763647
            ],
            [
              120.9794754,
              14.5764362
            ],
            [
              120.9795543,
              14.576476
            ],
            [
              120.9796032,
              14.5764998
            ],
            [
              120.9802443,
              14.5768054
            ],
            [
              120.9804266,
              14.5768891
            ],
            [
              120.9804929,
              14.5769195
            ],
            [
              120.9805394,
              14.5769446
            ],
            [
              120.9812677,
              14.5773649
            ],
            [
              120.9813317,
              14.5774018
            ],
            [
              120.9813728,
              14.5774243
            ],
            [
              120.9818708,
              14.577697
            ],
            [
              120.9825137,
              14.5780407
            ],
            [
              120.9820698,
              14.5787972
            ],
            [
              120.981794,
              14.5792746
            ],
            [
              120.9816982,
              14.5794435
            ],
            [
              120.9815091,
              14.5797767
            ],
            [
              120.9810845,
              14.5805587
            ],
            [
              120.9808092,
              14.5804117
            ],
            [
              120.9802069,
              14.5800403
            ],
            [
              120.9801308,
              14.580003
            ],
            [
              120.9796996,
              14.5797975
            ],
            [
              120.9792276,
              14.5795525
            ],
            [
              120.9791645,
              14.5795176
            ],
            [
              120.9789446,
              14.5793962
            ],
            [
              120.9784508,
              14.5791235
            ],
            [
              120.9781201,
              14.5789408
            ],
            [
              120.9780938,
              14.5789263
            ],
            [
              120.9780452,
              14.5788995
            ],
            [
              120.9780095,
              14.5788798
            ],
            [
              120.9779703,
              14.5788581
            ],
            [
              120.9776655,
              14.5788293
            ],
            [
              120.9775358,
              14.578757
            ],
            [
              120.9770484,
              14.5784726
            ],
            [
              120.9763221,
              14.5780777
            ],
            [
              120.9759204,
              14.5778534
            ],
            [
              120.9768602,
              14.5761492
            ],
            [
              120.9770271,
              14.5758549
            ],
            [
              120.9786447,
              14.5754483
            ],
            [
              120.9794836,
              14.5752522
            ]
          ]
        ]
      },
      "id": "relation/8770300"
    },
    {
      "type": "Feature",
      "properties": {
        "@id": "relation/8770301",
        "admin_level": "10",
        "boundary": "administrative",
        "name": "Barangay 670",
        "old_ref": "133908012",
        "population": "2774",
        "population:date": "2020-05-01",
        "ref": "1380608012",
        "source:population": "Philippine Statistics Authority",
        "type": "boundary"
      },
      "geometry": {
        "type": "Polygon",
        "coordinates": [
          [
            [
              120.9832551,
              14.5784316
            ],
            [
              120.9834887,
              14.578555
            ],
            [
              120.9835127,
              14.5785677
            ],
            [
              120.9836437,
              14.5786374
            ],
            [
              120.9837409,
              14.5786889
            ],
            [
              120.9838303,
              14.5787362
            ],
            [
              120.9838621,
              14.5787514
            ],
            [
              120.9839398,
              14.5787941
            ],
            [
              120.9840809,
              14.5788685
            ],
            [
              120.9843517,
              14.5790081
            ],
            [
              120.9843787,
              14.5790223
            ],
            [
              120.9846928,
              14.5791917
            ],
            [
              120.9848409,
              14.5792744
            ],
            [
              120.9849473,
              14.5793284
            ],
            [
              120.9852141,
              14.5794638
            ],
            [
              120.9853546,
              14.5795345
            ],
            [
              120.9853969,
              14.5795566
            ],
            [
              120.9856231,
              14.5796709
            ],
            [
              120.9859437,
              14.5798338
            ],
            [
              120.9859952,
              14.5798602
            ],
            [
              120.98604,
              14.5798849
            ],
            [
              120.9860981,
              14.5799178
            ],
            [
              120.9846866,
              14.5824105
            ],
            [
              120.9826945,
              14.5813894
            ],
            [
              120.9824994,
              14.5812914
            ],
            [
              120.9818611,
              14.5809522
            ],
            [
              120.9818125,
              14.5809267
            ],
            [
              120.9817439,
              14.5809254
            ],
            [
              120.9813296,
              14.5806932
            ],
            [
              120.9810845,
              14.5805587
            ],
            [
              120.9815091,
              14.5797767
            ],
            [
              120.9816982,
              14.5794435
            ],
            [
              120.981794,
              14.5792746
            ],
            [
              120.9820698,
              14.5787972
            ],
            [
              120.9825137,
              14.5780407
            ],
            [
              120.9828084,
              14.5781963
            ],
            [
              120.9828499,
              14.5782182
            ],
            [
              120.9829884,
              14.5782914
            ],
            [
              120.9832551,
              14.5784316
            ]
          ]
        ]
      },
      "id": "relation/8770301"
    },
    {
      "type": "Feature",
      "properties": {
        "@id": "relation/8770408",
        "admin_level": "10",
        "boundary": "administrative",
        "name": "Barangay 726",
        "type": "boundary"
      },
      "geometry": {
        "type": "Polygon",
        "coordinates": [
          [
            [
              120.9963872,
              14.5672083
            ],
            [
              120.9964344,
              14.567227
            ],
            [
              120.9963537,
              14.5675204
            ],
            [
              120.9962939,
              14.5677376
            ],
            [
              120.9962818,
              14.5677818
            ],
            [
              120.9962732,
              14.5678141
            ],
            [
              120.9962064,
              14.5680643
            ],
            [
              120.9961799,
              14.5681521
            ],
            [
              120.9961536,
              14.5682204
            ],
            [
              120.9960809,
              14.5684055
            ],
            [
              120.9959398,
              14.5686893
            ],
            [
              120.9959304,
              14.5687082
            ],
            [
              120.9952845,
              14.5684204
            ],
            [
              120.9944345,
              14.5680567
            ],
            [
              120.9937577,
              14.5677671
            ],
            [
              120.9939931,
              14.5672544
            ],
            [
              120.994184,
              14.5668523
            ],
            [
              120.9942839,
              14.566645
            ],
            [
              120.9943629,
              14.5664812
            ],
            [
              120.9944562,
              14.5662914
            ],
            [
              120.9952371,
              14.566624
            ],
            [
              120.9952929,
              14.5666803
            ],
            [
              120.9953412,
              14.5667309
            ],
            [
              120.9953928,
              14.5667854
            ],
            [
              120.9954373,
              14.566821
            ],
            [
              120.9963872,
              14.5672083
            ]
          ]
        ]
      },
      "id": "relation/8770408"
    },
    {
      "type": "Feature",
      "properties": {
        "@id": "relation/8770409",
        "admin_level": "10",
        "boundary": "administrative",
        "name": "Barangay 724",
        "type": "boundary"
      },
      "geometry": {
        "type": "Polygon",
        "coordinates": [
          [
            [
              120.9952845,
              14.5684204
            ],
            [
              120.9959304,
              14.5687082
            ],
            [
              120.9959162,
              14.5687377
            ],
            [
              120.9958014,
              14.5689312
            ],
            [
              120.9957791,
              14.5689688
            ],
            [
              120.995691,
              14.5691201
            ],
            [
              120.9956128,
              14.5692544
            ],
            [
              120.9954862,
              14.5695062
            ],
            [
              120.9954231,
              14.5696386
            ],
            [
              120.9953824,
              14.569724
            ],
            [
              120.9952945,
              14.569921
            ],
            [
              120.9952221,
              14.570152
            ],
            [
              120.995159,
              14.5703682
            ],
            [
              120.9950798,
              14.5706659
            ],
            [
              120.9950272,
              14.5708692
            ],
            [
              120.9950225,
              14.5708895
            ],
            [
              120.9949119,
              14.5713742
            ],
            [
              120.9945726,
              14.5712485
            ],
            [
              120.9942187,
              14.5711161
            ],
            [
              120.9940113,
              14.571039
            ],
            [
              120.9938571,
              14.5709815
            ],
            [
              120.9936709,
              14.5709111
            ],
            [
              120.9935069,
              14.570849
            ],
            [
              120.9931469,
              14.5707126
            ],
            [
              120.9929008,
              14.5706193
            ],
            [
              120.992477,
              14.5704588
            ],
            [
              120.9927934,
              14.5697937
            ],
            [
              120.99281,
              14.5697588
            ],
            [
              120.9930116,
              14.5693352
            ],
            [
              120.9930816,
              14.569188
            ],
            [
              120.9932088,
              14.5689207
            ],
            [
              120.9932865,
              14.5687574
            ],
            [
              120.9933716,
              14.5685786
            ],
            [
              120.9934347,
              14.5684459
            ],
            [
              120.9935188,
              14.5682691
            ],
            [
              120.9937577,
              14.5677671
            ],
            [
              120.9944345,
              14.5680567
            ],
            [
              120.9952845,
              14.5684204
            ]
          ]
        ]
      },
      "id": "relation/8770409"
    },
    {
      "type": "Feature",
      "properties": {
        "@id": "relation/8770410",
        "admin_level": "10",
        "boundary": "administrative",
        "name": "Barangay 722",
        "type": "boundary"
      },
      "geometry": {
        "type": "Polygon",
        "coordinates": [
          [
            [
              120.9938571,
              14.5709815
            ],
            [
              120.9940113,
              14.571039
            ],
            [
              120.9942187,
              14.5711161
            ],
            [
              120.9945726,
              14.5712485
            ],
            [
              120.9949119,
              14.5713742
            ],
            [
              120.9940971,
              14.5733208
            ],
            [
              120.9940659,
              14.5733919
            ],
            [
              120.9936575,
              14.5728873
            ],
            [
              120.9932939,
              14.5724382
            ],
            [
              120.9931503,
              14.5722588
            ],
            [
              120.993184,
              14.5721968
            ],
            [
              120.9938571,
              14.5709815
            ]
          ]
        ]
      },
      "id": "relation/8770410"
    },
    {
      "type": "Feature",
      "properties": {
        "@id": "relation/8770411",
        "admin_level": "10",
        "boundary": "administrative",
        "name": "Barangay 723",
        "type": "boundary"
      },
      "geometry": {
        "type": "Polygon",
        "coordinates": [
          [
            [
              120.992477,
              14.5704588
            ],
            [
              120.9929008,
              14.5706193
            ],
            [
              120.9931469,
              14.5707126
            ],
            [
              120.9935069,
              14.570849
            ],
            [
              120.9936709,
              14.5709111
            ],
            [
              120.9938571,
              14.5709815
            ],
            [
              120.993184,
              14.5721968
            ],
            [
              120.9931503,
              14.5722588
            ],
            [
              120.9926455,
              14.5716338
            ],
            [
              120.9915622,
              14.5702771
            ],
            [
              120.9917756,
              14.5704452
            ],
            [
              120.9918661,
              14.5703919
            ],
            [
              120.9919196,
              14.5703785
            ],
            [
              120.9919884,
              14.5703768
            ],
            [
              120.992477,
              14.5704588
            ]
          ]
        ]
      },
      "id": "relation/8770411"
    },
    {
      "type": "Feature",
      "properties": {
        "@id": "relation/8770447",
        "admin_level": "10",
        "boundary": "administrative",
        "name": "Barangay 701",
        "type": "boundary"
      },
      "geometry": {
        "type": "Polygon",
        "coordinates": [
          [
            [
              120.9854186,
              14.5644494
            ],
            [
              120.9861906,
              14.5647754
            ],
            [
              120.9863672,
              14.5648501
            ],
            [
              120.9874897,
              14.5654238
            ],
            [
              120.9877793,
              14.5656471
            ],
            [
              120.9881066,
              14.5660261
            ],
            [
              120.9883233,
              14.5662956
            ],
            [
              120.9882918,
              14.5663271
            ],
            [
              120.9882605,
              14.5663811
            ],
            [
              120.9879261,
              14.5669519
            ],
            [
              120.9878173,
              14.5671375
            ],
            [
              120.9875954,
              14.5675286
            ],
            [
              120.9867971,
              14.5689498
            ],
            [
              120.9859605,
              14.5688743
            ],
            [
              120.9852256,
              14.5688369
            ],
            [
              120.9851582,
              14.5688272
            ],
            [
              120.9851025,
              14.5688142
            ],
            [
              120.9846861,
              14.5686578
            ],
            [
              120.984609,
              14.5686429
            ],
            [
              120.9845364,
              14.5686406
            ],
            [
              120.9844512,
              14.5686452
            ],
            [
              120.984394,
              14.5686567
            ],
            [
              120.9843252,
              14.5686527
            ],
            [
              120.9842344,
              14.5686333
            ],
            [
              120.9842156,
              14.5686242
            ],
            [
              120.9838784,
              14.5684976
            ],
            [
              120.9835407,
              14.5683696
            ],
            [
              120.9834416,
              14.5683309
            ],
            [
              120.9833303,
              14.5682875
            ],
            [
              120.9829152,
              14.5681323
            ],
            [
              120.9843672,
              14.5648174
            ],
            [
              120.9843736,
              14.5647664
            ],
            [
              120.9844098,
              14.564697
            ],
            [
              120.9844434,
              14.5646191
            ],
            [
              120.9844641,
              14.564562
            ],
            [
              120.9844735,
              14.56451
            ],
            [
              120.9844735,
              14.5644839
            ],
            [
              120.9844735,
              14.5644361
            ],
            [
              120.9844706,
              14.5643501
            ],
            [
              120.9844594,
              14.5642355
            ],
            [
              120.984448,
              14.564155
            ],
            [
              120.9844366,
              14.5641135
            ],
            [
              120.9844148,
              14.5640782
            ],
            [
              120.9844353,
              14.5640724
            ],
            [
              120.9844528,
              14.5640607
            ],
            [
              120.9844657,
              14.5640442
            ],
            [
              120.9854186,
              14.5644494
            ]
          ]
        ]
      },
      "id": "relation/8770447"
    },
    {
      "type": "Feature",
      "properties": {
        "@id": "relation/8770448",
        "admin_level": "10",
        "boundary": "administrative",
        "name": "Barangay 706",
        "type": "boundary"
      },
      "geometry": {
        "type": "Polygon",
        "coordinates": [
          [
            [
              120.9895257,
              14.5678491
            ],
            [
              120.9895532,
              14.5677996
            ],
            [
              120.9915622,
              14.5702771
            ],
            [
              120.9914914,
              14.5702961
            ],
            [
              120.991436,
              14.5702867
            ],
            [
              120.9913984,
              14.5702807
            ],
            [
              120.9911302,
              14.570238
            ],
            [
              120.9909431,
              14.5702062
            ],
            [
              120.9907182,
              14.5701798
            ],
            [
              120.9901555,
              14.5701041
            ],
            [
              120.990123,
              14.5700997
            ],
            [
              120.9898742,
              14.5700591
            ],
            [
              120.9890948,
              14.5699398
            ],
            [
              120.9890646,
              14.5699352
            ],
            [
              120.9889892,
              14.5699156
            ],
            [
              120.9886934,
              14.5697714
            ],
            [
              120.9886132,
              14.5697325
            ],
            [
              120.988646,
              14.5696692
            ],
            [
              120.9890779,
              14.5687844
            ],
            [
              120.9890923,
              14.5687662
            ],
            [
              120.9892934,
              14.568343
            ],
            [
              120.9894764,
              14.5679554
            ],
            [
              120.9895257,
              14.5678491
            ]
          ]
        ]
      },
      "id": "relation/8770448"
    },
    {
      "type": "Feature",
      "properties": {
        "@id": "relation/8814894",
        "admin_level": "10",
        "boundary": "administrative",
        "name": "Barangay 335",
        "type": "boundary"
      },
      "geometry": {
        "type": "Polygon",
        "coordinates": [
          [
            [
              120.9810625,
              14.6066089
            ],
            [
              120.9815783,
              14.6065767
            ],
            [
              120.9820628,
              14.6065414
            ],
            [
              120.9821216,
              14.6065364
            ],
            [
              120.9822064,
              14.6077534
            ],
            [
              120.982271,
              14.6087276
            ],
            [
              120.9822195,
              14.6087302
            ],
            [
              120.9817421,
              14.6087662
            ],
            [
              120.9812771,
              14.6087997
            ],
            [
              120.9812192,
              14.6088039
            ],
            [
              120.981216,
              14.6087583
            ],
            [
              120.9811504,
              14.6078341
            ],
            [
              120.9810625,
              14.6066089
            ]
          ]
        ]
      },
      "id": "relation/8814894"
    },
    {
      "type": "Feature",
      "properties": {
        "@id": "relation/8814895",
        "admin_level": "10",
        "boundary": "administrative",
        "name": "Barangay 329",
        "type": "boundary"
      },
      "geometry": {
        "type": "Polygon",
        "coordinates": [
          [
            [
              120.9804018,
              14.6066665
            ],
            [
              120.9807236,
              14.6066384
            ],
            [
              120.9810625,
              14.6066089
            ],
            [
              120.9811504,
              14.6078341
            ],
            [
              120.981216,
              14.6087583
            ],
            [
              120.9812192,
              14.6088039
            ],
            [
              120.9811644,
              14.6088079
            ],
            [
              120.9808973,
              14.6088272
            ],
            [
              120.9805864,
              14.6088496
            ],
            [
              120.9805294,
              14.608214
            ],
            [
              120.9805002,
              14.6078895
            ],
            [
              120.9804018,
              14.6066665
            ]
          ]
        ]
      },
      "id": "relation/8814895"
    },
    {
      "type": "Feature",
      "properties": {
        "@id": "relation/8814896",
        "admin_level": "10",
        "boundary": "administrative",
        "name": "Barangay 330",
        "type": "boundary"
      },
      "geometry": {
        "type": "Polygon",
        "coordinates": [
          [
            [
              120.9791198,
              14.6067549
            ],
            [
              120.9796507,
              14.6067183
            ],
            [
              120.9800336,
              14.6066919
            ],
            [
              120.9804018,
              14.6066665
            ],
            [
              120.9805002,
              14.6078895
            ],
            [
              120.9805294,
              14.608214
            ],
            [
              120.9805864,
              14.6088496
            ],
            [
              120.9802191,
              14.6088783
            ],
            [
              120.9801324,
              14.6088863
            ],
            [
              120.9801227,
              14.6089198
            ],
            [
              120.9798446,
              14.6083765
            ],
            [
              120.9794927,
              14.6077868
            ],
            [
              120.9791183,
              14.6072104
            ],
            [
              120.9789451,
              14.6067704
            ],
            [
              120.9791198,
              14.6067549
            ]
          ]
        ]
      },
      "id": "relation/8814896"
    },
    {
      "type": "Feature",
      "properties": {
        "@id": "relation/8814897",
        "admin_level": "10",
        "boundary": "administrative",
        "name": "Barangay 314",
        "type": "boundary"
      },
      "geometry": {
        "type": "Polygon",
        "coordinates": [
          [
            [
              120.9785837,
              14.6056084
            ],
            [
              120.979041,
              14.6055125
            ],
            [
              120.9794893,
              14.6054316
            ],
            [
              120.9798211,
              14.6053756
            ],
            [
              120.9802018,
              14.605311
            ],
            [
              120.9808249,
              14.6052527
            ],
            [
              120.981407,
              14.605223
            ],
            [
              120.9814364,
              14.6052211
            ],
            [
              120.981689,
              14.6052028
            ],
            [
              120.9818747,
              14.6051905
            ],
            [
              120.9819511,
              14.6051854
            ],
            [
              120.9820035,
              14.6051806
            ],
            [
              120.9821216,
              14.6065364
            ],
            [
              120.9820628,
              14.6065414
            ],
            [
              120.9815783,
              14.6065767
            ],
            [
              120.9810625,
              14.6066089
            ],
            [
              120.9807236,
              14.6066384
            ],
            [
              120.9804018,
              14.6066665
            ],
            [
              120.9800336,
              14.6066919
            ],
            [
              120.9796507,
              14.6067183
            ],
            [
              120.9791198,
              14.6067549
            ],
            [
              120.9789451,
              14.6067704
            ],
            [
              120.9787605,
              14.6062955
            ],
            [
              120.9785146,
              14.6056174
            ],
            [
              120.9785837,
              14.6056084
            ]
          ]
        ]
      },
      "id": "relation/8814897"
    },
    {
      "type": "Feature",
      "properties": {
        "@id": "relation/8814898",
        "admin_level": "10",
        "boundary": "administrative",
        "name": "Barangay 313",
        "type": "boundary"
      },
      "geometry": {
        "type": "Polygon",
        "coordinates": [
          [
            [
              120.9819179,
              14.6037246
            ],
            [
              120.9820035,
              14.6051806
            ],
            [
              120.9819511,
              14.6051854
            ],
            [
              120.9818747,
              14.6051905
            ],
            [
              120.981689,
              14.6052028
            ],
            [
              120.9814364,
              14.6052211
            ],
            [
              120.981407,
              14.605223
            ],
            [
              120.9808249,
              14.6052527
            ],
            [
              120.9802018,
              14.605311
            ],
            [
              120.9798211,
              14.6053756
            ],
            [
              120.9794893,
              14.6054316
            ],
            [
              120.979041,
              14.6055125
            ],
            [
              120.9785837,
              14.6056084
            ],
            [
              120.9785146,
              14.6056174
            ],
            [
              120.9783235,
              14.6051382
            ],
            [
              120.9782384,
              14.6047751
            ],
            [
              120.9795533,
              14.6042541
            ],
            [
              120.9802706,
              14.6039804
            ],
            [
              120.9806044,
              14.6038947
            ],
            [
              120.9819179,
              14.6037246
            ]
          ]
        ]
      },
      "id": "relation/8814898"
    },
    {
      "type": "Feature",
      "properties": {
        "@id": "relation/11013900",
        "admin_level": "10",
        "boundary": "administrative",
        "name": "Barangay 730",
        "type": "boundary"
      },
      "geometry": {
        "type": "Polygon",
        "coordinates": [
          [
            [
              120.9970246,
              14.5612404
            ],
            [
              120.9982445,
              14.561588
            ],
            [
              120.9985078,
              14.5616619
            ],
            [
              120.9987143,
              14.5617221
            ],
            [
              120.9987708,
              14.5617554
            ],
            [
              120.9986637,
              14.5618083
            ],
            [
              120.9985605,
              14.5619635
            ],
            [
              120.998551,
              14.5621499
            ],
            [
              120.9985303,
              14.5623658
            ],
            [
              120.9984532,
              14.562752
            ],
            [
              120.9983431,
              14.5629729
            ],
            [
              120.9982992,
              14.5631772
            ],
            [
              120.9982699,
              14.5634115
            ],
            [
              120.9982073,
              14.5635539
            ],
            [
              120.9979986,
              14.5639211
            ],
            [
              120.9979366,
              14.5638873
            ],
            [
              120.9979116,
              14.5638742
            ],
            [
              120.9977124,
              14.5637695
            ],
            [
              120.9975835,
              14.5637098
            ],
            [
              120.9975448,
              14.5636887
            ],
            [
              120.9970959,
              14.5634845
            ],
            [
              120.9968487,
              14.5633757
            ],
            [
              120.9962941,
              14.5631316
            ],
            [
              120.9964231,
              14.5628002
            ],
            [
              120.9966368,
              14.5622516
            ],
            [
              120.9968042,
              14.5618298
            ],
            [
              120.9970246,
              14.5612404
            ]
          ]
        ]
      },
      "id": "relation/11013900"
    },
    {
      "type": "Feature",
      "properties": {
        "@id": "relation/11013901",
        "admin_level": "10",
        "boundary": "administrative",
        "name": "Barangay 729",
        "type": "boundary"
      },
      "geometry": {
        "type": "Polygon",
        "coordinates": [
          [
            [
              120.9956256,
              14.5608349
            ],
            [
              120.9970246,
              14.5612404
            ],
            [
              120.9968042,
              14.5618298
            ],
            [
              120.9966368,
              14.5622516
            ],
            [
              120.9964231,
              14.5628002
            ],
            [
              120.9962941,
              14.5631316
            ],
            [
              120.9959896,
              14.5629901
            ],
            [
              120.9959064,
              14.5629537
            ],
            [
              120.9958033,
              14.5629066
            ],
            [
              120.9953619,
              14.5627223
            ],
            [
              120.9952939,
              14.5626993
            ],
            [
              120.995214,
              14.5626692
            ],
            [
              120.9951398,
              14.5626319
            ],
            [
              120.995233,
              14.5623776
            ],
            [
              120.9956256,
              14.5608349
            ]
          ]
        ]
      },
      "id": "relation/11013901"
    },
    {
      "type": "Feature",
      "properties": {
        "@id": "relation/11013902",
        "admin_level": "10",
        "boundary": "administrative",
        "name": "Barangay 728",
        "type": "boundary"
      },
      "geometry": {
        "type": "Polygon",
        "coordinates": [
          [
            [
              120.995214,
              14.5626692
            ],
            [
              120.9952939,
              14.5626993
            ],
            [
              120.9953619,
              14.5627223
            ],
            [
              120.9958033,
              14.5629066
            ],
            [
              120.9959064,
              14.5629537
            ],
            [
              120.9959896,
              14.5629901
            ],
            [
              120.9962941,
              14.5631316
            ],
            [
              120.9968487,
              14.5633757
            ],
            [
              120.9970959,
              14.5634845
            ],
            [
              120.9975448,
              14.5636887
            ],
            [
              120.9975835,
              14.5637098
            ],
            [
              120.9977124,
              14.5637695
            ],
            [
              120.9979116,
              14.5638742
            ],
            [
              120.9979366,
              14.5638873
            ],
            [
              120.9979986,
              14.5639211
            ],
            [
              120.9977369,
              14.564324
            ],
            [
              120.9975591,
              14.5647644
            ],
            [
              120.9974217,
              14.5650966
            ],
            [
              120.9973873,
              14.5652806
            ],
            [
              120.9974644,
              14.5655737
            ],
            [
              120.9974781,
              14.5657454
            ],
            [
              120.9974292,
              14.5657338
            ],
            [
              120.9973948,
              14.5657197
            ],
            [
              120.9972399,
              14.5656561
            ],
            [
              120.9970219,
              14.5655666
            ],
            [
              120.996953,
              14.5655383
            ],
            [
              120.9969133,
              14.5655203
            ],
            [
              120.9963373,
              14.5652711
            ],
            [
              120.996158,
              14.5651935
            ],
            [
              120.9957228,
              14.5650052
            ],
            [
              120.9955292,
              14.5649164
            ],
            [
              120.9952012,
              14.564765
            ],
            [
              120.9951649,
              14.5647487
            ],
            [
              120.9951303,
              14.5647335
            ],
            [
              120.9944633,
              14.5644155
            ],
            [
              120.9944301,
              14.5643984
            ],
            [
              120.9943434,
              14.5643632
            ],
            [
              120.9951398,
              14.5626319
            ],
            [
              120.995214,
              14.5626692
            ]
          ]
        ]
      },
      "id": "relation/11013902"
    },
    {
      "type": "Feature",
      "properties": {
        "@id": "relation/11013903",
        "admin_level": "10",
        "boundary": "administrative",
        "name": "Barangay 727",
        "type": "boundary"
      },
      "geometry": {
        "type": "Polygon",
        "coordinates": [
          [
            [
              120.9944301,
              14.5643984
            ],
            [
              120.9944633,
              14.5644155
            ],
            [
              120.9951303,
              14.5647335
            ],
            [
              120.9951649,
              14.5647487
            ],
            [
              120.9952012,
              14.564765
            ],
            [
              120.9955292,
              14.5649164
            ],
            [
              120.9957228,
              14.5650052
            ],
            [
              120.996158,
              14.5651935
            ],
            [
              120.9963373,
              14.5652711
            ],
            [
              120.9969133,
              14.5655203
            ],
            [
              120.996953,
              14.5655383
            ],
            [
              120.9969338,
              14.5656022
            ],
            [
              120.9967694,
              14.5661635
            ],
            [
              120.9967552,
              14.5662121
            ],
            [
              120.9966384,
              14.5665847
            ],
            [
              120.9965487,
              14.5668827
            ],
            [
              120.9965363,
              14.5669237
            ],
            [
              120.9965309,
              14.5669376
            ],
            [
              120.9964344,
              14.567227
            ],
            [
              120.9963872,
              14.5672083
            ],
            [
              120.9954373,
              14.566821
            ],
            [
              120.9953928,
              14.5667854
            ],
            [
              120.9953412,
              14.5667309
            ],
            [
              120.9952929,
              14.5666803
            ],
            [
              120.9952371,
              14.566624
            ],
            [
              120.9944562,
              14.5662914
            ],
            [
              120.9945438,
              14.5660995
            ],
            [
              120.993827,
              14.5657875
            ],
            [
              120.9937887,
              14.5657698
            ],
            [
              120.9936926,
              14.5657307
            ],
            [
              120.9943434,
              14.5643632
            ],
            [
              120.9944301,
              14.5643984
            ]
          ]
        ]
      },
      "id": "relation/11013903"
    },
    {
      "type": "Feature",
      "properties": {
        "@id": "relation/11013960",
        "admin_level": "10",
        "boundary": "administrative",
        "name": "Barangay 762",
        "type": "boundary"
      },
      "geometry": {
        "type": "Polygon",
        "coordinates": [
          [
            [
              120.9980448,
              14.5639437
            ],
            [
              120.9982727,
              14.5640625
            ],
            [
              120.9983508,
              14.5641002
            ],
            [
              120.9984714,
              14.5641635
            ],
            [
              120.9987707,
              14.5643181
            ],
            [
              120.9991187,
              14.5645089
            ],
            [
              120.9988927,
              14.5649595
            ],
            [
              120.9987177,
              14.5653083
            ],
            [
              120.9985365,
              14.5656694
            ],
            [
              120.9983104,
              14.5661202
            ],
            [
              120.9980177,
              14.5659788
            ],
            [
              120.997939,
              14.5659424
            ],
            [
              120.9977856,
              14.5658802
            ],
            [
              120.9977671,
              14.5658726
            ],
            [
              120.9976143,
              14.5658098
            ],
            [
              120.9976068,
              14.5658068
            ],
            [
              120.9975352,
              14.5657774
            ],
            [
              120.9974781,
              14.5657454
            ],
            [
              120.9974644,
              14.5655737
            ],
            [
              120.9973873,
              14.5652806
            ],
            [
              120.9974217,
              14.5650966
            ],
            [
              120.9975591,
              14.5647644
            ],
            [
              120.9977369,
              14.564324
            ],
            [
              120.9979986,
              14.5639211
            ],
            [
              120.9980448,
              14.5639437
            ]
          ]
        ]
      },
      "id": "relation/11013960"
    },
    {
      "type": "Feature",
      "properties": {
        "@id": "relation/11013961",
        "admin_level": "10",
        "boundary": "administrative",
        "name": "Barangay 761",
        "type": "boundary"
      },
      "geometry": {
        "type": "Polygon",
        "coordinates": [
          [
            [
              120.9991187,
              14.5645089
            ],
            [
              120.999213,
              14.5645559
            ],
            [
              120.9994032,
              14.5646529
            ],
            [
              120.9997045,
              14.5648064
            ],
            [
              121.0000424,
              14.5649788
            ],
            [
              121.0003345,
              14.5651233
            ],
            [
              121.0001105,
              14.5655823
            ],
            [
              120.9999475,
              14.5658989
            ],
            [
              120.9997849,
              14.5662487
            ],
            [
              120.9995615,
              14.5667093
            ],
            [
              120.9989289,
              14.5664114
            ],
            [
              120.9986216,
              14.5662667
            ],
            [
              120.9983104,
              14.5661202
            ],
            [
              120.9985365,
              14.5656694
            ],
            [
              120.9987177,
              14.5653083
            ],
            [
              120.9988927,
              14.5649595
            ],
            [
              120.9991187,
              14.5645089
            ]
          ]
        ]
      },
      "id": "relation/11013961"
    },
    {
      "type": "Feature",
      "properties": {
        "@id": "relation/11013962",
        "admin_level": "10",
        "boundary": "administrative",
        "name": "Barangay 760",
        "type": "boundary"
      },
      "geometry": {
        "type": "Polygon",
        "coordinates": [
          [
            [
              121.0012495,
              14.5655988
            ],
            [
              121.00156,
              14.565758
            ],
            [
              121.0013378,
              14.5662049
            ],
            [
              121.0011868,
              14.5665087
            ],
            [
              121.0008183,
              14.5672927
            ],
            [
              121.0001881,
              14.5669993
            ],
            [
              120.9995615,
              14.5667093
            ],
            [
              120.9997849,
              14.5662487
            ],
            [
              120.9999475,
              14.5658989
            ],
            [
              121.0001105,
              14.5655823
            ],
            [
              121.0003345,
              14.5651233
            ],
            [
              121.0006483,
              14.5652906
            ],
            [
              121.0009512,
              14.5654457
            ],
            [
              121.0012495,
              14.5655988
            ]
          ]
        ]
      },
      "id": "relation/11013962"
    },
    {
      "type": "Feature",
      "properties": {
        "@id": "relation/11013963",
        "admin_level": "10",
        "boundary": "administrative",
        "name": "Barangay 759",
        "type": "boundary"
      },
      "geometry": {
        "type": "Polygon",
        "coordinates": [
          [
            [
              121.0019853,
              14.5678415
            ],
            [
              121.0019314,
              14.567814
            ],
            [
              121.0017683,
              14.5677323
            ],
            [
              121.0014628,
              14.5675888
            ],
            [
              121.0011338,
              14.5674376
            ],
            [
              121.0008183,
              14.5672927
            ],
            [
              121.0011868,
              14.5665087
            ],
            [
              121.0013378,
              14.5662049
            ],
            [
              121.00156,
              14.565758
            ],
            [
              121.0018722,
              14.5659194
            ],
            [
              121.0021875,
              14.5660825
            ],
            [
              121.0025016,
              14.5662449
            ],
            [
              121.0025568,
              14.5662734
            ],
            [
              121.0026209,
              14.5663066
            ],
            [
              121.0027495,
              14.5663752
            ],
            [
              121.0028332,
              14.5664181
            ],
            [
              121.0028759,
              14.5664406
            ],
            [
              121.0020343,
              14.5678646
            ],
            [
              121.0019314,
              14.567814
            ]
          ]
        ]
      },
      "id": "relation/11013963"
    },
    {
      "type": "Feature",
      "properties": {
        "@id": "relation/11013964",
        "admin_level": "10",
        "boundary": "administrative",
        "name": "Barangay 758",
        "type": "boundary"
      },
      "geometry": {
        "type": "Polygon",
        "coordinates": [
          [
            [
              121.0012801,
              14.565537
            ],
            [
              121.0012907,
              14.5655164
            ],
            [
              121.0014021,
              14.5652982
            ],
            [
              121.0015614,
              14.5649921
            ],
            [
              121.001668,
              14.5647888
            ],
            [
              121.0016922,
              14.5647351
            ],
            [
              121.0017475,
              14.5646399
            ],
            [
              121.0018109,
              14.5647076
            ],
            [
              121.0019281,
              14.5648232
            ],
            [
              121.0019967,
              14.5648964
            ],
            [
              121.0022483,
              14.5651499
            ],
            [
              121.0025206,
              14.565433
            ],
            [
              121.0028375,
              14.5657788
            ],
            [
              121.0028673,
              14.5658102
            ],
            [
              121.0028983,
              14.5658384
            ],
            [
              121.003016,
              14.5659403
            ],
            [
              121.0030785,
              14.5659957
            ],
            [
              121.0028759,
              14.5664406
            ],
            [
              121.0028332,
              14.5664181
            ],
            [
              121.0027495,
              14.5663752
            ],
            [
              121.0026209,
              14.5663066
            ],
            [
              121.0025568,
              14.5662734
            ],
            [
              121.0025016,
              14.5662449
            ],
            [
              121.0021875,
              14.5660825
            ],
            [
              121.0018722,
              14.5659194
            ],
            [
              121.00156,
              14.565758
            ],
            [
              121.0012495,
              14.5655988
            ],
            [
              121.0012801,
              14.565537
            ]
          ]
        ]
      },
      "id": "relation/11013964"
    },
    {
      "type": "Feature",
      "properties": {
        "@id": "relation/11013965",
        "admin_level": "10",
        "boundary": "administrative",
        "name": "Barangay 757",
        "type": "boundary"
      },
      "geometry": {
        "type": "Polygon",
        "coordinates": [
          [
            [
              121.0017475,
              14.5646399
            ],
            [
              121.0016922,
              14.5647351
            ],
            [
              121.001668,
              14.5647888
            ],
            [
              121.0015614,
              14.5649921
            ],
            [
              121.0014021,
              14.5652982
            ],
            [
              121.0012907,
              14.5655164
            ],
            [
              121.0012801,
              14.565537
            ],
            [
              121.0012495,
              14.5655988
            ],
            [
              121.0009512,
              14.5654457
            ],
            [
              121.0006483,
              14.5652906
            ],
            [
              121.0003345,
              14.5651233
            ],
            [
              121.0007279,
              14.56429
            ],
            [
              121.0009669,
              14.5638406
            ],
            [
              121.0012334,
              14.5641178
            ],
            [
              121.0012597,
              14.5641444
            ],
            [
              121.0014845,
              14.5643726
            ],
            [
              121.0017475,
              14.5646399
            ]
          ]
        ]
      },
      "id": "relation/11013965"
    },
    {
      "type": "Feature",
      "properties": {
        "@id": "relation/11013966",
        "admin_level": "10",
        "boundary": "administrative",
        "name": "Barangay 756",
        "type": "boundary"
      },
      "geometry": {
        "type": "Polygon",
        "coordinates": [
          [
            [
              120.999921,
              14.5628348
            ],
            [
              121.0002079,
              14.5630774
            ],
            [
              121.0004577,
              14.5633449
            ],
            [
              121.0007126,
              14.5635872
            ],
            [
              121.0007428,
              14.5636156
            ],
            [
              121.0009669,
              14.5638406
            ],
            [
              121.0007279,
              14.56429
            ],
            [
              121.0003345,
              14.5651233
            ],
            [
              121.0000424,
              14.5649788
            ],
            [
              120.9997045,
              14.5648064
            ],
            [
              120.9994032,
              14.5646529
            ],
            [
              120.999213,
              14.5645559
            ],
            [
              120.9991187,
              14.5645089
            ],
            [
              120.999523,
              14.5636776
            ],
            [
              120.999921,
              14.5628348
            ]
          ]
        ]
      },
      "id": "relation/11013966"
    },
    {
      "type": "Feature",
      "properties": {
        "@id": "relation/11013967",
        "admin_level": "10",
        "boundary": "administrative",
        "name": "Barangay 755",
        "type": "boundary"
      },
      "geometry": {
        "type": "Polygon",
        "coordinates": [
          [
            [
              120.9988974,
              14.5618205
            ],
            [
              120.9990137,
              14.5619234
            ],
            [
              120.9990496,
              14.5619551
            ],
            [
              120.999092,
              14.5619979
            ],
            [
              120.999401,
              14.5623098
            ],
            [
              120.9996588,
              14.5625701
            ],
            [
              120.999921,
              14.5628348
            ],
            [
              120.999523,
              14.5636776
            ],
            [
              120.9991187,
              14.5645089
            ],
            [
              120.9987707,
              14.5643181
            ],
            [
              120.9984714,
              14.5641635
            ],
            [
              120.9983508,
              14.5641002
            ],
            [
              120.9982727,
              14.5640625
            ],
            [
              120.9980448,
              14.5639437
            ],
            [
              120.9979986,
              14.5639211
            ],
            [
              120.9982073,
              14.5635539
            ],
            [
              120.9982699,
              14.5634115
            ],
            [
              120.9982992,
              14.5631772
            ],
            [
              120.9983431,
              14.5629729
            ],
            [
              120.9984532,
              14.562752
            ],
            [
              120.9985303,
              14.5623658
            ],
            [
              120.998551,
              14.5621499
            ],
            [
              120.9985605,
              14.5619635
            ],
            [
              120.9986637,
              14.5618083
            ],
            [
              120.9987708,
              14.5617554
            ],
            [
              120.9988974,
              14.5618205
            ]
          ]
        ]
      },
      "id": "relation/11013967"
    },
    {
      "type": "Feature",
      "properties": {
        "@id": "relation/11025871",
        "admin_level": "10",
        "boundary": "administrative",
        "name": "Barangay 567",
        "type": "boundary"
      },
      "geometry": {
        "type": "Polygon",
        "coordinates": [
          [
            [
              121.0077525,
              14.606507
            ],
            [
              121.0066206,
              14.6074388
            ],
            [
              121.0054782,
              14.6083365
            ],
            [
              121.0052538,
              14.6085074
            ],
            [
              121.0039619,
              14.6094825
            ],
            [
              121.0038377,
              14.609159
            ],
            [
              121.0038035,
              14.6090279
            ],
            [
              121.0037305,
              14.6087476
            ],
            [
              121.005031,
              14.6077633
            ],
            [
              121.0061786,
              14.6068949
            ],
            [
              121.0073745,
              14.6060056
            ],
            [
              121.0075718,
              14.6062697
            ],
            [
              121.0077525,
              14.606507
            ]
          ]
        ]
      },
      "id": "relation/11025871"
    },
    {
      "type": "Feature",
      "properties": {
        "@id": "relation/11025872",
        "admin_level": "10",
        "boundary": "administrative",
        "name": "Barangay 565",
        "type": "boundary"
      },
      "geometry": {
        "type": "Polygon",
        "coordinates": [
          [
            [
              121.0077525,
              14.606507
            ],
            [
              121.0079966,
              14.6068177
            ],
            [
              121.0080922,
              14.6069493
            ],
            [
              121.0069484,
              14.6078444
            ],
            [
              121.0042266,
              14.6099282
            ],
            [
              121.0041928,
              14.6098664
            ],
            [
              121.0041471,
              14.6097818
            ],
            [
              121.0039619,
              14.6094825
            ],
            [
              121.0052538,
              14.6085074
            ],
            [
              121.0054782,
              14.6083365
            ],
            [
              121.0066206,
              14.6074388
            ],
            [
              121.0077525,
              14.606507
            ]
          ]
        ]
      },
      "id": "relation/11025872"
    },
    {
      "type": "Feature",
      "properties": {
        "@id": "relation/11025873",
        "admin_level": "10",
        "boundary": "administrative",
        "name": "Barangay 566",
        "type": "boundary"
      },
      "geometry": {
        "type": "Polygon",
        "coordinates": [
          [
            [
              121.0091049,
              14.6081973
            ],
            [
              121.0079478,
              14.6090754
            ],
            [
              121.0077267,
              14.6088031
            ],
            [
              121.0075131,
              14.60854
            ],
            [
              121.0073947,
              14.6083942
            ],
            [
              121.0072815,
              14.6082547
            ],
            [
              121.0071812,
              14.6081311
            ],
            [
              121.0070634,
              14.6079867
            ],
            [
              121.0069484,
              14.6078444
            ],
            [
              121.0080922,
              14.6069493
            ],
            [
              121.0082079,
              14.6071026
            ],
            [
              121.0084238,
              14.6073792
            ],
            [
              121.0086278,
              14.6076445
            ],
            [
              121.0088698,
              14.6079205
            ],
            [
              121.0091049,
              14.6081973
            ]
          ]
        ]
      },
      "id": "relation/11025873"
    },
    {
      "type": "Feature",
      "properties": {
        "@id": "relation/11025874",
        "admin_level": "10",
        "boundary": "administrative",
        "name": "Barangay 568",
        "type": "boundary"
      },
      "geometry": {
        "type": "Polygon",
        "coordinates": [
          [
            [
              121.0098697,
              14.6091381
            ],
            [
              121.0087218,
              14.6100288
            ],
            [
              121.0086186,
              14.6099017
            ],
            [
              121.0085118,
              14.6097702
            ],
            [
              121.0083959,
              14.6096274
            ],
            [
              121.0082779,
              14.6094821
            ],
            [
              121.0081713,
              14.6093507
            ],
            [
              121.0080642,
              14.6092188
            ],
            [
              121.0079478,
              14.6090754
            ],
            [
              121.0091049,
              14.6081973
            ],
            [
              121.0093187,
              14.6084588
            ],
            [
              121.0095642,
              14.6087409
            ],
            [
              121.0097654,
              14.6090026
            ],
            [
              121.0098697,
              14.6091381
            ]
          ]
        ]
      },
      "id": "relation/11025874"
    },
    {
      "type": "Feature",
      "properties": {
        "@id": "relation/11025875",
        "admin_level": "10",
        "boundary": "administrative",
        "name": "Barangay 560",
        "type": "boundary"
      },
      "geometry": {
        "type": "Polygon",
        "coordinates": [
          [
            [
              121.0104299,
              14.6098411
            ],
            [
              121.0092936,
              14.6107331
            ],
            [
              121.0090556,
              14.61044
            ],
            [
              121.0089508,
              14.6103109
            ],
            [
              121.0088347,
              14.6101679
            ],
            [
              121.0087218,
              14.6100288
            ],
            [
              121.0098697,
              14.6091381
            ],
            [
              121.0099892,
              14.6092935
            ],
            [
              121.0102079,
              14.6095589
            ],
            [
              121.0104299,
              14.6098411
            ]
          ]
        ]
      },
      "id": "relation/11025875"
    },
    {
      "type": "Feature",
      "properties": {
        "@id": "relation/11025876",
        "admin_level": "10",
        "boundary": "administrative",
        "name": "Barangay 564",
        "type": "boundary"
      },
      "geometry": {
        "type": "Polygon",
        "coordinates": [
          [
            [
              121.0071812,
              14.6081311
            ],
            [
              121.0044175,
              14.6102692
            ],
            [
              121.0043402,
              14.6101679
            ],
            [
              121.0043146,
              14.6101191
            ],
            [
              121.0042266,
              14.6099282
            ],
            [
              121.0069484,
              14.6078444
            ],
            [
              121.0070634,
              14.6079867
            ],
            [
              121.0071812,
              14.6081311
            ]
          ]
        ]
      },
      "id": "relation/11025876"
    },
    {
      "type": "Feature",
      "properties": {
        "@id": "relation/11025877",
        "admin_level": "10",
        "boundary": "administrative",
        "name": "Barangay 563",
        "type": "boundary"
      },
      "geometry": {
        "type": "Polygon",
        "coordinates": [
          [
            [
              121.0073947,
              14.6083942
            ],
            [
              121.004686,
              14.6104842
            ],
            [
              121.0046456,
              14.6104464
            ],
            [
              121.0045943,
              14.6104044
            ],
            [
              121.0045414,
              14.6103642
            ],
            [
              121.0044175,
              14.6102692
            ],
            [
              121.0071812,
              14.6081311
            ],
            [
              121.0072815,
              14.6082547
            ],
            [
              121.0073947,
              14.6083942
            ]
          ]
        ]
      },
      "id": "relation/11025877"
    },
    {
      "type": "Feature",
      "properties": {
        "@id": "relation/11025878",
        "admin_level": "10",
        "boundary": "administrative",
        "name": "Barangay 562",
        "type": "boundary"
      },
      "geometry": {
        "type": "Polygon",
        "coordinates": [
          [
            [
              121.0077267,
              14.6088031
            ],
            [
              121.006342,
              14.6098743
            ],
            [
              121.0050605,
              14.6108612
            ],
            [
              121.0050347,
              14.6108816
            ],
            [
              121.0050112,
              14.6108528
            ],
            [
              121.0049554,
              14.6107845
            ],
            [
              121.0048143,
              14.6106174
            ],
            [
              121.004686,
              14.6104842
            ],
            [
              121.0073947,
              14.6083942
            ],
            [
              121.0075131,
              14.60854
            ],
            [
              121.0077267,
              14.6088031
            ]
          ]
        ]
      },
      "id": "relation/11025878"
    },
    {
      "type": "Feature",
      "properties": {
        "@id": "relation/11025879",
        "admin_level": "10",
        "boundary": "administrative",
        "name": "Barangay 561",
        "type": "boundary"
      },
      "geometry": {
        "type": "Polygon",
        "coordinates": [
          [
            [
              121.0079478,
              14.6090754
            ],
            [
              121.0080642,
              14.6092188
            ],
            [
              121.0053707,
              14.6113095
            ],
            [
              121.0052817,
              14.6111938
            ],
            [
              121.0052357,
              14.6111347
            ],
            [
              121.0050347,
              14.6108816
            ],
            [
              121.0050605,
              14.6108612
            ],
            [
              121.006342,
              14.6098743
            ],
            [
              121.0077267,
              14.6088031
            ],
            [
              121.0079478,
              14.6090754
            ]
          ]
        ]
      },
      "id": "relation/11025879"
    },
    {
      "type": "Feature",
      "properties": {
        "@id": "relation/11025880",
        "admin_level": "10",
        "boundary": "administrative",
        "name": "Barangay 559",
        "type": "boundary"
      },
      "geometry": {
        "type": "Polygon",
        "coordinates": [
          [
            [
              121.0082779,
              14.6094821
            ],
            [
              121.0056051,
              14.6115393
            ],
            [
              121.0054649,
              14.6114202
            ],
            [
              121.0053707,
              14.6113095
            ],
            [
              121.0080642,
              14.6092188
            ],
            [
              121.0081713,
              14.6093507
            ],
            [
              121.0082779,
              14.6094821
            ]
          ]
        ]
      },
      "id": "relation/11025880"
    },
    {
      "type": "Feature",
      "properties": {
        "@id": "relation/11025881",
        "admin_level": "10",
        "boundary": "administrative",
        "name": "Barangay 558",
        "type": "boundary"
      },
      "geometry": {
        "type": "Polygon",
        "coordinates": [
          [
            [
              121.0085118,
              14.6097702
            ],
            [
              121.0059528,
              14.611747
            ],
            [
              121.0057622,
              14.6116415
            ],
            [
              121.0056375,
              14.6115604
            ],
            [
              121.0056051,
              14.6115393
            ],
            [
              121.0082779,
              14.6094821
            ],
            [
              121.0083959,
              14.6096274
            ],
            [
              121.0085118,
              14.6097702
            ]
          ]
        ]
      },
      "id": "relation/11025881"
    },
    {
      "type": "Feature",
      "properties": {
        "@id": "relation/11025882",
        "admin_level": "10",
        "boundary": "administrative",
        "name": "Barangay 557",
        "type": "boundary"
      },
      "geometry": {
        "type": "Polygon",
        "coordinates": [
          [
            [
              121.0087218,
              14.6100288
            ],
            [
              121.0062459,
              14.6119182
            ],
            [
              121.0061138,
              14.6118383
            ],
            [
              121.0059971,
              14.6117721
            ],
            [
              121.0059528,
              14.611747
            ],
            [
              121.0085118,
              14.6097702
            ],
            [
              121.0086186,
              14.6099017
            ],
            [
              121.0087218,
              14.6100288
            ]
          ]
        ]
      },
      "id": "relation/11025882"
    },
    {
      "type": "Feature",
      "properties": {
        "@id": "relation/11025883",
        "admin_level": "10",
        "boundary": "administrative",
        "name": "Barangay 556",
        "type": "boundary"
      },
      "geometry": {
        "type": "Polygon",
        "coordinates": [
          [
            [
              121.0089508,
              14.6103109
            ],
            [
              121.0065607,
              14.6121601
            ],
            [
              121.0064208,
              14.6120537
            ],
            [
              121.0063021,
              14.6119564
            ],
            [
              121.0062459,
              14.6119182
            ],
            [
              121.0087218,
              14.6100288
            ],
            [
              121.0088347,
              14.6101679
            ],
            [
              121.0089508,
              14.6103109
            ]
          ]
        ]
      },
      "id": "relation/11025883"
    },
    {
      "type": "Feature",
      "properties": {
        "@id": "relation/11025884",
        "admin_level": "10",
        "boundary": "administrative",
        "name": "Barangay 555",
        "type": "boundary"
      },
      "geometry": {
        "type": "Polygon",
        "coordinates": [
          [
            [
              121.0092936,
              14.6107331
            ],
            [
              121.0081408,
              14.6115939
            ],
            [
              121.0069471,
              14.6125167
            ],
            [
              121.0068941,
              14.6124534
            ],
            [
              121.0066969,
              14.6122676
            ],
            [
              121.0066595,
              14.6122381
            ],
            [
              121.0065814,
              14.6121765
            ],
            [
              121.0065607,
              14.6121601
            ],
            [
              121.0089508,
              14.6103109
            ],
            [
              121.0090556,
              14.61044
            ],
            [
              121.0092936,
              14.6107331
            ]
          ]
        ]
      },
      "id": "relation/11025884"
    },
    {
      "type": "Feature",
      "properties": {
        "@id": "relation/11073546",
        "admin_level": "10",
        "boundary": "administrative",
        "name": "Barangay 487",
        "type": "boundary"
      },
      "geometry": {
        "type": "Polygon",
        "coordinates": [
          [
            [
              120.9930241,
              14.6159814
            ],
            [
              120.9930933,
              14.6160424
            ],
            [
              120.9931494,
              14.6160946
            ],
            [
              120.9931652,
              14.6161087
            ],
            [
              120.9921542,
              14.6171631
            ],
            [
              120.9921398,
              14.6171501
            ],
            [
              120.9921309,
              14.6171412
            ],
            [
              120.9920732,
              14.61709
            ],
            [
              120.9920099,
              14.6170385
            ],
            [
              120.9917317,
              14.6167923
            ],
            [
              120.991465,
              14.6165546
            ],
            [
              120.9911967,
              14.6163022
            ],
            [
              120.9922126,
              14.6152408
            ],
            [
              120.9924939,
              14.6154881
            ],
            [
              120.9927662,
              14.615741
            ],
            [
              120.9930241,
              14.6159814
            ]
          ]
        ]
      },
      "id": "relation/11073546"
    },
    {
      "type": "Feature",
      "properties": {
        "@id": "relation/11378932",
        "admin_level": "10",
        "boundary": "administrative",
        "name": "Barangay 159",
        "type": "boundary"
      },
      "geometry": {
        "type": "Polygon",
        "coordinates": [
          [
            [
              120.97285,
              14.6192107
            ],
            [
              120.9732014,
              14.6191631
            ],
            [
              120.9734989,
              14.6191265
            ],
            [
              120.9738022,
              14.6190897
            ],
            [
              120.9742113,
              14.6190423
            ],
            [
              120.9744434,
              14.619015
            ],
            [
              120.9744829,
              14.6190103
            ],
            [
              120.9746278,
              14.6200028
            ],
            [
              120.9746106,
              14.6200054
            ],
            [
              120.9745266,
              14.6200161
            ],
            [
              120.9743808,
              14.6200203
            ],
            [
              120.9739213,
              14.6200279
            ],
            [
              120.9735219,
              14.6200417
            ],
            [
              120.9733402,
              14.6200455
            ],
            [
              120.9729829,
              14.620057
            ],
            [
              120.9729508,
              14.6200596
            ],
            [
              120.9729337,
              14.6200609
            ],
            [
              120.9729135,
              14.6200585
            ],
            [
              120.9727937,
              14.6192193
            ],
            [
              120.97285,
              14.6192107
            ]
          ]
        ]
      },
      "id": "relation/11378932"
    },
    {
      "type": "Feature",
      "properties": {
        "@id": "relation/11378933",
        "admin_level": "10",
        "boundary": "administrative",
        "name": "Barangay 157",
        "type": "boundary"
      },
      "geometry": {
        "type": "Polygon",
        "coordinates": [
          [
            [
              120.9734989,
              14.6191265
            ],
            [
              120.9732748,
              14.6174922
            ],
            [
              120.973271,
              14.6174617
            ],
            [
              120.9739149,
              14.6173276
            ],
            [
              120.9741696,
              14.6172735
            ],
            [
              120.9742074,
              14.6172655
            ],
            [
              120.9742281,
              14.6172611
            ],
            [
              120.9744829,
              14.6190103
            ],
            [
              120.9744434,
              14.619015
            ],
            [
              120.9742113,
              14.6190423
            ],
            [
              120.9738022,
              14.6190897
            ],
            [
              120.9734989,
              14.6191265
            ]
          ]
        ]
      },
      "id": "relation/11378933"
    },
    {
      "type": "Feature",
      "properties": {
        "@id": "relation/11378934",
        "admin_level": "10",
        "boundary": "administrative",
        "name": "Barangay 156",
        "type": "boundary"
      },
      "geometry": {
        "type": "Polygon",
        "coordinates": [
          [
            [
              120.97285,
              14.6192107
            ],
            [
              120.9727937,
              14.6192193
            ],
            [
              120.9727234,
              14.6187192
            ],
            [
              120.9727404,
              14.6186356
            ],
            [
              120.9727225,
              14.6185831
            ],
            [
              120.9725388,
              14.6176957
            ],
            [
              120.9725219,
              14.6176177
            ],
            [
              120.973271,
              14.6174617
            ],
            [
              120.9732748,
              14.6174922
            ],
            [
              120.9734989,
              14.6191265
            ],
            [
              120.9732014,
              14.6191631
            ],
            [
              120.97285,
              14.6192107
            ]
          ]
        ]
      },
      "id": "relation/11378934"
    },
    {
      "type": "Feature",
      "properties": {
        "@id": "relation/11378935",
        "admin_level": "10",
        "boundary": "administrative",
        "name": "Barangay 153",
        "type": "boundary"
      },
      "geometry": {
        "type": "Polygon",
        "coordinates": [
          [
            [
              120.9722329,
              14.6220562
            ],
            [
              120.9721356,
              14.6217722
            ],
            [
              120.9726864,
              14.6217087
            ],
            [
              120.9728741,
              14.6216843
            ],
            [
              120.9730636,
              14.6216596
            ],
            [
              120.9731127,
              14.6216532
            ],
            [
              120.9732699,
              14.6216327
            ],
            [
              120.9733571,
              14.6216301
            ],
            [
              120.9733638,
              14.6217461
            ],
            [
              120.9734086,
              14.6219906
            ],
            [
              120.9734123,
              14.622011
            ],
            [
              120.9735588,
              14.6227514
            ],
            [
              120.9736281,
              14.6231073
            ],
            [
              120.9736757,
              14.6231967
            ],
            [
              120.9725953,
              14.623301
            ],
            [
              120.9725061,
              14.6229022
            ],
            [
              120.9724984,
              14.6228713
            ],
            [
              120.9724617,
              14.622748
            ],
            [
              120.9724458,
              14.6226967
            ],
            [
              120.9723524,
              14.6224123
            ],
            [
              120.9722895,
              14.6222348
            ],
            [
              120.9722329,
              14.6220562
            ]
          ]
        ]
      },
      "id": "relation/11378935"
    },
    {
      "type": "Feature",
      "properties": {
        "@id": "relation/11378936",
        "admin_level": "10",
        "boundary": "administrative",
        "name": "Barangay 152",
        "type": "boundary"
      },
      "geometry": {
        "type": "Polygon",
        "coordinates": [
          [
            [
              120.9733638,
              14.6217461
            ],
            [
              120.9733571,
              14.6216301
            ],
            [
              120.9741663,
              14.6216993
            ],
            [
              120.9743687,
              14.6217661
            ],
            [
              120.9748526,
              14.6216933
            ],
            [
              120.9750328,
              14.6230697
            ],
            [
              120.9736757,
              14.6231967
            ],
            [
              120.9736281,
              14.6231073
            ],
            [
              120.9735588,
              14.6227514
            ],
            [
              120.9734123,
              14.622011
            ],
            [
              120.9734086,
              14.6219906
            ],
            [
              120.9733638,
              14.6217461
            ]
          ]
        ]
      },
      "id": "relation/11378936"
    },
    {
      "type": "Feature",
      "properties": {
        "@id": "relation/11378937",
        "admin_level": "10",
        "boundary": "administrative",
        "name": "Barangay 158",
        "type": "boundary"
      },
      "geometry": {
        "type": "Polygon",
        "coordinates": [
          [
            [
              120.9728635,
              14.6200663
            ],
            [
              120.9729135,
              14.6200585
            ],
            [
              120.972919,
              14.620146
            ],
            [
              120.9729342,
              14.6202723
            ],
            [
              120.9729743,
              14.620477
            ],
            [
              120.9732638,
              14.6214162
            ],
            [
              120.97328,
              14.6214747
            ],
            [
              120.9732958,
              14.62154
            ],
            [
              120.9733571,
              14.6216301
            ],
            [
              120.9732699,
              14.6216327
            ],
            [
              120.9731127,
              14.6216532
            ],
            [
              120.9730636,
              14.6216596
            ],
            [
              120.9728741,
              14.6216843
            ],
            [
              120.9726864,
              14.6217087
            ],
            [
              120.9721356,
              14.6217722
            ],
            [
              120.9720091,
              14.6214133
            ],
            [
              120.9718884,
              14.6210888
            ],
            [
              120.971716,
              14.6206249
            ],
            [
              120.9716245,
              14.6203832
            ],
            [
              120.9715768,
              14.6202573
            ],
            [
              120.9720844,
              14.620159
            ],
            [
              120.9723017,
              14.6201229
            ],
            [
              120.9723944,
              14.6201096
            ],
            [
              120.9725967,
              14.6200863
            ],
            [
              120.9728635,
              14.6200663
            ]
          ]
        ]
      },
      "id": "relation/11378937"
    },
    {
      "type": "Feature",
      "properties": {
        "@id": "relation/11378939",
        "admin_level": "10",
        "boundary": "administrative",
        "name": "Barangay 154",
        "type": "boundary"
      },
      "geometry": {
        "type": "Polygon",
        "coordinates": [
          [
            [
              120.9725219,
              14.6176177
            ],
            [
              120.9725388,
              14.6176957
            ],
            [
              120.9727225,
              14.6185831
            ],
            [
              120.9727404,
              14.6186356
            ],
            [
              120.9727234,
              14.6187192
            ],
            [
              120.9727937,
              14.6192193
            ],
            [
              120.9729135,
              14.6200585
            ],
            [
              120.9728635,
              14.6200663
            ],
            [
              120.9725967,
              14.6200863
            ],
            [
              120.9723944,
              14.6201096
            ],
            [
              120.9723017,
              14.6201229
            ],
            [
              120.9720844,
              14.620159
            ],
            [
              120.9715768,
              14.6202573
            ],
            [
              120.9715344,
              14.620144
            ],
            [
              120.9712774,
              14.6194072
            ],
            [
              120.9711787,
              14.6191161
            ],
            [
              120.9711443,
              14.6190152
            ],
            [
              120.9707679,
              14.6179804
            ],
            [
              120.9707457,
              14.6178558
            ],
            [
              120.9708761,
              14.6179231
            ],
            [
              120.9710155,
              14.6179438
            ],
            [
              120.9710424,
              14.6179334
            ],
            [
              120.9712154,
              14.6178973
            ],
            [
              120.9713956,
              14.6178565
            ],
            [
              120.9720759,
              14.61771
            ],
            [
              120.9725219,
              14.6176177
            ]
          ]
        ]
      },
      "id": "relation/11378939"
    },
    {
      "type": "Feature",
      "properties": {
        "@id": "relation/11378940",
        "admin_level": "10",
        "boundary": "administrative",
        "name": "Barangay 160",
        "type": "boundary"
      },
      "geometry": {
        "type": "Polygon",
        "coordinates": [
          [
            [
              120.9729135,
              14.6200585
            ],
            [
              120.9729337,
              14.6200609
            ],
            [
              120.9729508,
              14.6200596
            ],
            [
              120.9729829,
              14.620057
            ],
            [
              120.9733402,
              14.6200455
            ],
            [
              120.9735219,
              14.6200417
            ],
            [
              120.9739213,
              14.6200279
            ],
            [
              120.9739303,
              14.6201395
            ],
            [
              120.9739975,
              14.6204812
            ],
            [
              120.974035,
              14.6206186
            ],
            [
              120.9740792,
              14.6207901
            ],
            [
              120.9738938,
              14.62083
            ],
            [
              120.973821,
              14.6208347
            ],
            [
              120.9737369,
              14.6208512
            ],
            [
              120.9737654,
              14.6209766
            ],
            [
              120.9737662,
              14.6209826
            ],
            [
              120.9737802,
              14.6211073
            ],
            [
              120.9738195,
              14.6212807
            ],
            [
              120.973724,
              14.6213035
            ],
            [
              120.9737245,
              14.6213138
            ],
            [
              120.9736143,
              14.6213365
            ],
            [
              120.9735751,
              14.6213446
            ],
            [
              120.9735143,
              14.6213572
            ],
            [
              120.9735263,
              14.6214153
            ],
            [
              120.9732985,
              14.6214708
            ],
            [
              120.97328,
              14.6214747
            ],
            [
              120.9732638,
              14.6214162
            ],
            [
              120.9729743,
              14.620477
            ],
            [
              120.9729342,
              14.6202723
            ],
            [
              120.972919,
              14.620146
            ],
            [
              120.9729135,
              14.6200585
            ]
          ]
        ]
      },
      "id": "relation/11378940"
    },
    {
      "type": "Feature",
      "properties": {
        "@id": "relation/11378941",
        "admin_level": "10",
        "boundary": "administrative",
        "name": "Barangay 155",
        "type": "boundary"
      },
      "geometry": {
        "type": "Polygon",
        "coordinates": [
          [
            [
              120.9732985,
              14.6214708
            ],
            [
              120.9735263,
              14.6214153
            ],
            [
              120.9735143,
              14.6213572
            ],
            [
              120.9735751,
              14.6213446
            ],
            [
              120.9736143,
              14.6213365
            ],
            [
              120.9737245,
              14.6213138
            ],
            [
              120.973724,
              14.6213035
            ],
            [
              120.9738195,
              14.6212807
            ],
            [
              120.9737802,
              14.6211073
            ],
            [
              120.9737662,
              14.6209826
            ],
            [
              120.9737654,
              14.6209766
            ],
            [
              120.9737369,
              14.6208512
            ],
            [
              120.973821,
              14.6208347
            ],
            [
              120.9738938,
              14.62083
            ],
            [
              120.9740792,
              14.6207901
            ],
            [
              120.974035,
              14.6206186
            ],
            [
              120.9739975,
              14.6204812
            ],
            [
              120.9739303,
              14.6201395
            ],
            [
              120.9739213,
              14.6200279
            ],
            [
              120.9743808,
              14.6200203
            ],
            [
              120.9745266,
              14.6200161
            ],
            [
              120.9746106,
              14.6200054
            ],
            [
              120.9746278,
              14.6200028
            ],
            [
              120.9748526,
              14.6216933
            ],
            [
              120.9743687,
              14.6217661
            ],
            [
              120.9741663,
              14.6216993
            ],
            [
              120.9733571,
              14.6216301
            ],
            [
              120.9732958,
              14.62154
            ],
            [
              120.97328,
              14.6214747
            ],
            [
              120.9732985,
              14.6214708
            ]
          ]
        ]
      },
      "id": "relation/11378941"
    },
    {
      "type": "Feature",
      "properties": {
        "@id": "relation/11378942",
        "admin_level": "10",
        "boundary": "administrative",
        "name": "Barangay 151",
        "type": "boundary"
      },
      "geometry": {
        "type": "Polygon",
        "coordinates": [
          [
            [
              120.9711443,
              14.6190152
            ],
            [
              120.9690055,
              14.6197765
            ],
            [
              120.9691199,
              14.6196737
            ],
            [
              120.9692234,
              14.6193015
            ],
            [
              120.9694106,
              14.6186106
            ],
            [
              120.9696129,
              14.6183739
            ],
            [
              120.9700125,
              14.6181975
            ],
            [
              120.9707457,
              14.6178558
            ],
            [
              120.9707679,
              14.6179804
            ],
            [
              120.9711443,
              14.6190152
            ]
          ]
        ]
      },
      "id": "relation/11378942"
    },
    {
      "type": "Feature",
      "properties": {
        "@id": "relation/11378943",
        "admin_level": "10",
        "boundary": "administrative",
        "name": "Barangay 150",
        "type": "boundary"
      },
      "geometry": {
        "type": "Polygon",
        "coordinates": [
          [
            [
              120.9712774,
              14.6194072
            ],
            [
              120.9715344,
              14.620144
            ],
            [
              120.9715768,
              14.6202573
            ],
            [
              120.9713416,
              14.6203326
            ],
            [
              120.9711948,
              14.6203796
            ],
            [
              120.9706923,
              14.6205405
            ],
            [
              120.970349,
              14.6206482
            ],
            [
              120.9700352,
              14.6207417
            ],
            [
              120.9697133,
              14.6208377
            ],
            [
              120.969396,
              14.6208968
            ],
            [
              120.9691984,
              14.6209317
            ],
            [
              120.9688403,
              14.6209947
            ],
            [
              120.9681788,
              14.6211017
            ],
            [
              120.967982,
              14.621118
            ],
            [
              120.967766,
              14.6211141
            ],
            [
              120.9675843,
              14.6210752
            ],
            [
              120.9675123,
              14.6210614
            ],
            [
              120.9674161,
              14.62096
            ],
            [
              120.9675825,
              14.6204163
            ],
            [
              120.9677737,
              14.6202152
            ],
            [
              120.9681256,
              14.6201046
            ],
            [
              120.9685008,
              14.6199966
            ],
            [
              120.9688795,
              14.6198897
            ],
            [
              120.9690055,
              14.6197765
            ],
            [
              120.9711443,
              14.6190152
            ],
            [
              120.9711787,
              14.6191161
            ],
            [
              120.9712774,
              14.6194072
            ]
          ]
        ]
      },
      "id": "relation/11378943"
    },
    {
      "type": "Feature",
      "properties": {
        "@id": "relation/11378944",
        "admin_level": "10",
        "boundary": "administrative",
        "name": "Barangay 149",
        "type": "boundary"
      },
      "geometry": {
        "type": "Polygon",
        "coordinates": [
          [
            [
              120.9715768,
              14.6202573
            ],
            [
              120.9716245,
              14.6203832
            ],
            [
              120.971716,
              14.6206249
            ],
            [
              120.9718884,
              14.6210888
            ],
            [
              120.9720091,
              14.6214133
            ],
            [
              120.9721356,
              14.6217722
            ],
            [
              120.9722329,
              14.6220562
            ],
            [
              120.9718584,
              14.6222479
            ],
            [
              120.971177,
              14.6225899
            ],
            [
              120.9709973,
              14.6226805
            ],
            [
              120.9703035,
              14.623023
            ],
            [
              120.97007,
              14.6231411
            ],
            [
              120.9695402,
              14.6220851
            ],
            [
              120.9691984,
              14.6209317
            ],
            [
              120.969396,
              14.6208968
            ],
            [
              120.9697133,
              14.6208377
            ],
            [
              120.9700352,
              14.6207417
            ],
            [
              120.970349,
              14.6206482
            ],
            [
              120.9706923,
              14.6205405
            ],
            [
              120.9711948,
              14.6203796
            ],
            [
              120.9713416,
              14.6203326
            ],
            [
              120.9715768,
              14.6202573
            ]
          ]
        ]
      },
      "id": "relation/11378944"
    },
    {
      "type": "Feature",
      "properties": {
        "@id": "relation/11378945",
        "admin_level": "10",
        "boundary": "administrative",
        "name": "Barangay 147",
        "type": "boundary"
      },
      "geometry": {
        "type": "Polygon",
        "coordinates": [
          [
            [
              120.9674161,
              14.62096
            ],
            [
              120.9675123,
              14.6210614
            ],
            [
              120.9675843,
              14.6210752
            ],
            [
              120.967766,
              14.6211141
            ],
            [
              120.967982,
              14.621118
            ],
            [
              120.9681788,
              14.6211017
            ],
            [
              120.9688403,
              14.6209947
            ],
            [
              120.9691984,
              14.6209317
            ],
            [
              120.9695402,
              14.6220851
            ],
            [
              120.97007,
              14.6231411
            ],
            [
              120.9700102,
              14.6231707
            ],
            [
              120.9699212,
              14.6232137
            ],
            [
              120.9692922,
              14.62352
            ],
            [
              120.9689286,
              14.6236962
            ],
            [
              120.968556,
              14.6238768
            ],
            [
              120.9680544,
              14.6241182
            ],
            [
              120.967876,
              14.6242168
            ],
            [
              120.9677888,
              14.6242648
            ],
            [
              120.967707,
              14.6243271
            ],
            [
              120.9676347,
              14.6243959
            ],
            [
              120.9673791,
              14.6247417
            ],
            [
              120.9672627,
              14.6249111
            ],
            [
              120.9669432,
              14.6253667
            ],
            [
              120.9666205,
              14.6258376
            ],
            [
              120.9665969,
              14.6258726
            ],
            [
              120.9664023,
              14.6261621
            ],
            [
              120.9662944,
              14.6263645
            ],
            [
              120.9660643,
              14.6258314
            ],
            [
              120.9657038,
              14.6254291
            ],
            [
              120.9652421,
              14.6251218
            ],
            [
              120.9656623,
              14.624588
            ],
            [
              120.9658687,
              14.6243603
            ],
            [
              120.966147,
              14.6241871
            ],
            [
              120.9665879,
              14.6239508
            ],
            [
              120.9670048,
              14.6235556
            ],
            [
              120.9672462,
              14.6230999
            ],
            [
              120.9674246,
              14.6225955
            ],
            [
              120.967478,
              14.6219747
            ],
            [
              120.9673861,
              14.6216044
            ],
            [
              120.9673582,
              14.621245
            ],
            [
              120.9674161,
              14.62096
            ]
          ]
        ]
      },
      "id": "relation/11378945"
    },
    {
      "type": "Feature",
      "properties": {
        "@id": "relation/11378946",
        "admin_level": "10",
        "boundary": "administrative",
        "name": "Barangay 127",
        "type": "boundary"
      },
      "geometry": {
        "type": "Polygon",
        "coordinates": [
          [
            [
              120.964799,
              14.6337602
            ],
            [
              120.9648439,
              14.6336707
            ],
            [
              120.9649578,
              14.6334435
            ],
            [
              120.9650086,
              14.6333028
            ],
            [
              120.9650379,
              14.6330976
            ],
            [
              120.9659136,
              14.6342937
            ],
            [
              120.9659459,
              14.6343369
            ],
            [
              120.9660081,
              14.63443
            ],
            [
              120.9663807,
              14.6348848
            ],
            [
              120.9665175,
              14.6350091
            ],
            [
              120.9668796,
              14.635338
            ],
            [
              120.9671092,
              14.6355108
            ],
            [
              120.9672796,
              14.6356364
            ],
            [
              120.9635926,
              14.6355955
            ],
            [
              120.9636765,
              14.6354604
            ],
            [
              120.9638816,
              14.63513
            ],
            [
              120.9640063,
              14.6349276
            ],
            [
              120.9642153,
              14.6346101
            ],
            [
              120.964313,
              14.6344618
            ],
            [
              120.964799,
              14.6337602
            ]
          ]
        ]
      },
      "id": "relation/11378946"
    },
    {
      "type": "Feature",
      "properties": {
        "@id": "relation/11378949",
        "admin_level": "10",
        "boundary": "administrative",
        "name": "Barangay 130",
        "type": "boundary"
      },
      "geometry": {
        "type": "Polygon",
        "coordinates": [
          [
            [
              120.9644859,
              14.628723
            ],
            [
              120.965045,
              14.6289627
            ],
            [
              120.964611,
              14.6299014
            ],
            [
              120.9642872,
              14.6297611
            ],
            [
              120.9640619,
              14.6296704
            ],
            [
              120.9638777,
              14.629593
            ],
            [
              120.9636825,
              14.6295109
            ],
            [
              120.9636151,
              14.6294825
            ],
            [
              120.9633728,
              14.6293806
            ],
            [
              120.9633405,
              14.629367
            ],
            [
              120.9628287,
              14.6291551
            ],
            [
              120.9627728,
              14.629132
            ],
            [
              120.9624988,
              14.629013
            ],
            [
              120.9619837,
              14.6288014
            ],
            [
              120.962365,
              14.6284272
            ],
            [
              120.9628861,
              14.6280569
            ],
            [
              120.9634047,
              14.6282701
            ],
            [
              120.9637764,
              14.6284254
            ],
            [
              120.9641152,
              14.628567
            ],
            [
              120.9644859,
              14.628723
            ]
          ]
        ]
      },
      "id": "relation/11378949"
    },
    {
      "type": "Feature",
      "properties": {
        "@id": "relation/11378950",
        "admin_level": "10",
        "boundary": "administrative",
        "name": "Barangay 128",
        "type": "boundary"
      },
      "geometry": {
        "type": "Polygon",
        "coordinates": [
          [
            [
              120.9592384,
              14.6294898
            ],
            [
              120.9592897,
              14.6293256
            ],
            [
              120.9598673,
              14.6294072
            ],
            [
              120.960511,
              14.6294653
            ],
            [
              120.9612492,
              14.6292577
            ],
            [
              120.9617096,
              14.6296189
            ],
            [
              120.9621093,
              14.6295242
            ],
            [
              120.9628227,
              14.6298103
            ],
            [
              120.9627249,
              14.6303927
            ],
            [
              120.9622496,
              14.6319458
            ],
            [
              120.9623024,
              14.6321999
            ],
            [
              120.9623237,
              14.6323786
            ],
            [
              120.9625051,
              14.6327748
            ],
            [
              120.9623176,
              14.6336203
            ],
            [
              120.9619059,
              14.6339172
            ],
            [
              120.9618012,
              14.6340042
            ],
            [
              120.9615165,
              14.6342475
            ],
            [
              120.961261,
              14.6344713
            ],
            [
              120.9611838,
              14.6355469
            ],
            [
              120.9604442,
              14.635536
            ],
            [
              120.9586386,
              14.6341644
            ],
            [
              120.9570618,
              14.6337981
            ],
            [
              120.9570836,
              14.6333635
            ],
            [
              120.9567747,
              14.6334375
            ],
            [
              120.9542772,
              14.6340476
            ],
            [
              120.953204,
              14.6342936
            ],
            [
              120.9508118,
              14.634288
            ],
            [
              120.9492484,
              14.6342835
            ],
            [
              120.941429,
              14.6342406
            ],
            [
              120.9414697,
              14.6337674
            ],
            [
              120.9415748,
              14.6333912
            ],
            [
              120.9419446,
              14.6328008
            ],
            [
              120.9427935,
              14.6315212
            ],
            [
              120.9430414,
              14.6312383
            ],
            [
              120.9432138,
              14.6310262
            ],
            [
              120.9432781,
              14.6308971
            ],
            [
              120.9433626,
              14.6307997
            ],
            [
              120.9434988,
              14.63067
            ],
            [
              120.94398,
              14.6303043
            ],
            [
              120.9444642,
              14.6298983
            ],
            [
              120.9452882,
              14.6298568
            ],
            [
              120.9461722,
              14.6298734
            ],
            [
              120.9471593,
              14.6298651
            ],
            [
              120.9585207,
              14.6298709
            ],
            [
              120.959136,
              14.6294852
            ],
            [
              120.9592384,
              14.6294898
            ]
          ]
        ]
      },
      "id": "relation/11378950"
    },
    {
      "type": "Feature",
      "properties": {
        "@id": "relation/11378951",
        "admin_level": "10",
        "boundary": "administrative",
        "name": "Barangay 129",
        "type": "boundary"
      },
      "geometry": {
        "type": "Polygon",
        "coordinates": [
          [
            [
              120.9619837,
              14.6288014
            ],
            [
              120.9624988,
              14.629013
            ],
            [
              120.9627728,
              14.629132
            ],
            [
              120.9628287,
              14.6291551
            ],
            [
              120.9633405,
              14.629367
            ],
            [
              120.9633728,
              14.6293806
            ],
            [
              120.9636151,
              14.6294825
            ],
            [
              120.9636825,
              14.6295109
            ],
            [
              120.9638777,
              14.629593
            ],
            [
              120.9640619,
              14.6296704
            ],
            [
              120.9642872,
              14.6297611
            ],
            [
              120.964611,
              14.6299014
            ],
            [
              120.9652646,
              14.6301816
            ],
            [
              120.9648535,
              14.6311042
            ],
            [
              120.9647294,
              14.6313871
            ],
            [
              120.9644119,
              14.630971
            ],
            [
              120.9641765,
              14.6308457
            ],
            [
              120.9635831,
              14.6305856
            ],
            [
              120.9635644,
              14.6302171
            ],
            [
              120.9628227,
              14.6298103
            ],
            [
              120.9621093,
              14.6295242
            ],
            [
              120.9617096,
              14.6296189
            ],
            [
              120.9612492,
              14.6292577
            ],
            [
              120.9617727,
              14.6290085
            ],
            [
              120.9619837,
              14.6288014
            ]
          ]
        ]
      },
      "id": "relation/11378951"
    },
    {
      "type": "Feature",
      "properties": {
        "@id": "relation/11378952",
        "admin_level": "10",
        "boundary": "administrative",
        "name": "Barangay 133",
        "type": "boundary"
      },
      "geometry": {
        "type": "Polygon",
        "coordinates": [
          [
            [
              120.9652421,
              14.6251218
            ],
            [
              120.9657038,
              14.6254291
            ],
            [
              120.9660643,
              14.6258314
            ],
            [
              120.9662944,
              14.6263645
            ],
            [
              120.9660953,
              14.6266562
            ],
            [
              120.9659085,
              14.6270398
            ],
            [
              120.9658783,
              14.6271018
            ],
            [
              120.9654554,
              14.628045
            ],
            [
              120.9653077,
              14.6283752
            ],
            [
              120.965045,
              14.6289627
            ],
            [
              120.9644859,
              14.628723
            ],
            [
              120.9641152,
              14.628567
            ],
            [
              120.9637764,
              14.6284254
            ],
            [
              120.9634047,
              14.6282701
            ],
            [
              120.9628861,
              14.6280569
            ],
            [
              120.963043,
              14.6279455
            ],
            [
              120.9636888,
              14.6272742
            ],
            [
              120.9639872,
              14.6269074
            ],
            [
              120.9644678,
              14.6261018
            ],
            [
              120.9645465,
              14.6259855
            ],
            [
              120.9647768,
              14.6256451
            ],
            [
              120.9652421,
              14.6251218
            ]
          ]
        ]
      },
      "id": "relation/11378952"
    },
    {
      "type": "Feature",
      "properties": {
        "@id": "relation/11378953",
        "admin_level": "10",
        "boundary": "administrative",
        "name": "Barangay 146",
        "type": "boundary"
      },
      "geometry": {
        "type": "Polygon",
        "coordinates": [
          [
            [
              120.9678188,
              14.6324039
            ],
            [
              120.9680936,
              14.6325243
            ],
            [
              120.968347,
              14.6326354
            ],
            [
              120.9686181,
              14.6327542
            ],
            [
              120.9688793,
              14.6328697
            ],
            [
              120.9691335,
              14.6329809
            ],
            [
              120.969403,
              14.6330988
            ],
            [
              120.9693767,
              14.633158
            ],
            [
              120.9689915,
              14.6340243
            ],
            [
              120.9688409,
              14.6343396
            ],
            [
              120.9684836,
              14.6350811
            ],
            [
              120.9679789,
              14.6348872
            ],
            [
              120.9672457,
              14.6346056
            ],
            [
              120.9668696,
              14.6344902
            ],
            [
              120.9670023,
              14.6341827
            ],
            [
              120.967388,
              14.6333354
            ],
            [
              120.9678188,
              14.6324039
            ]
          ]
        ]
      },
      "id": "relation/11378953"
    },
    {
      "type": "Feature",
      "properties": {
        "@id": "relation/11378954",
        "admin_level": "10",
        "boundary": "administrative",
        "name": "Barangay 135",
        "type": "boundary"
      },
      "geometry": {
        "type": "Polygon",
        "coordinates": [
          [
            [
              120.9703184,
              14.6333326
            ],
            [
              120.9703761,
              14.6336747
            ],
            [
              120.9705392,
              14.633874
            ],
            [
              120.9706674,
              14.6339446
            ],
            [
              120.9706466,
              14.6340892
            ],
            [
              120.9706175,
              14.6343217
            ],
            [
              120.9705302,
              14.6344122
            ],
            [
              120.9701842,
              14.6344949
            ],
            [
              120.9691653,
              14.6345496
            ],
            [
              120.9688552,
              14.63463
            ],
            [
              120.9686313,
              14.6349422
            ],
            [
              120.9686235,
              14.6351348
            ],
            [
              120.9684836,
              14.6350811
            ],
            [
              120.9688409,
              14.6343396
            ],
            [
              120.9689915,
              14.6340243
            ],
            [
              120.9693767,
              14.633158
            ],
            [
              120.969403,
              14.6330988
            ],
            [
              120.9696754,
              14.6332179
            ],
            [
              120.9699197,
              14.6333248
            ],
            [
              120.9699487,
              14.6333379
            ],
            [
              120.9700642,
              14.633388
            ]
          ]
        ]
      },
      "id": "relation/11378954"
    },
    {
      "type": "Feature",
      "properties": {
        "@id": "relation/11378955",
        "admin_level": "10",
        "boundary": "administrative",
        "name": "Barangay 145",
        "type": "boundary"
      },
      "geometry": {
        "type": "Polygon",
        "coordinates": [
          [
            [
              120.9700642,
              14.633388
            ],
            [
              120.9699487,
              14.6333379
            ],
            [
              120.9699197,
              14.6333248
            ],
            [
              120.9696754,
              14.6332179
            ],
            [
              120.969403,
              14.6330988
            ],
            [
              120.9691335,
              14.6329809
            ],
            [
              120.9688793,
              14.6328697
            ],
            [
              120.9693119,
              14.6319259
            ],
            [
              120.9695756,
              14.6320388
            ],
            [
              120.9698422,
              14.6321582
            ],
            [
              120.9701091,
              14.632279
            ],
            [
              120.9703513,
              14.6323855
            ],
            [
              120.9706205,
              14.632497
            ],
            [
              120.9705694,
              14.6325943
            ],
            [
              120.970374,
              14.6330042
            ],
            [
              120.9703184,
              14.6333326
            ]
          ]
        ]
      },
      "id": "relation/11378955"
    },
    {
      "type": "Feature",
      "properties": {
        "@id": "relation/11378956",
        "admin_level": "10",
        "boundary": "administrative",
        "name": "Barangay 143",
        "type": "boundary"
      },
      "geometry": {
        "type": "Polygon",
        "coordinates": [
          [
            [
              120.969862,
              14.6321157
            ],
            [
              120.9702709,
              14.6312378
            ],
            [
              120.9704016,
              14.6309466
            ],
            [
              120.9705429,
              14.6306287
            ],
            [
              120.9707624,
              14.630876
            ],
            [
              120.9708511,
              14.6311679
            ],
            [
              120.9708648,
              14.6315669
            ],
            [
              120.9708445,
              14.6318896
            ],
            [
              120.9707481,
              14.6321939
            ],
            [
              120.9706205,
              14.632497
            ],
            [
              120.9703513,
              14.6323855
            ],
            [
              120.9701091,
              14.632279
            ],
            [
              120.9698422,
              14.6321582
            ],
            [
              120.969862,
              14.6321157
            ]
          ]
        ]
      },
      "id": "relation/11378956"
    },
    {
      "type": "Feature",
      "properties": {
        "@id": "relation/11378957",
        "admin_level": "10",
        "boundary": "administrative",
        "name": "Barangay 144",
        "type": "boundary"
      },
      "geometry": {
        "type": "Polygon",
        "coordinates": [
          [
            [
              120.9686719,
              14.6305178
            ],
            [
              120.968733,
              14.6304591
            ],
            [
              120.9691727,
              14.6295056
            ],
            [
              120.9697464,
              14.6298722
            ],
            [
              120.9701658,
              14.6302197
            ],
            [
              120.9705429,
              14.6306287
            ],
            [
              120.9704016,
              14.6309466
            ],
            [
              120.9702709,
              14.6312378
            ],
            [
              120.969862,
              14.6321157
            ],
            [
              120.9698422,
              14.6321582
            ],
            [
              120.9695756,
              14.6320388
            ],
            [
              120.9693119,
              14.6319259
            ],
            [
              120.9690495,
              14.6318136
            ],
            [
              120.9687771,
              14.6316965
            ],
            [
              120.9685117,
              14.6315781
            ],
            [
              120.9682313,
              14.631459
            ],
            [
              120.9682609,
              14.6313876
            ],
            [
              120.9686719,
              14.6305178
            ]
          ]
        ]
      },
      "id": "relation/11378957"
    },
    {
      "type": "Feature",
      "properties": {
        "@id": "relation/11378958",
        "admin_level": "10",
        "boundary": "administrative",
        "name": "Barangay 142",
        "type": "boundary"
      },
      "geometry": {
        "type": "Polygon",
        "coordinates": [
          [
            [
              120.966846,
              14.6331012
            ],
            [
              120.9672765,
              14.6321662
            ],
            [
              120.9675478,
              14.6322851
            ],
            [
              120.9678188,
              14.6324039
            ],
            [
              120.967388,
              14.6333354
            ],
            [
              120.9670023,
              14.6341827
            ],
            [
              120.9668696,
              14.6344902
            ],
            [
              120.9664679,
              14.6343669
            ],
            [
              120.9662995,
              14.6341681
            ],
            [
              120.9663169,
              14.6341494
            ],
            [
              120.9663621,
              14.6340989
            ],
            [
              120.9664016,
              14.6340453
            ],
            [
              120.9664244,
              14.6340105
            ],
            [
              120.9664616,
              14.6339302
            ],
            [
              120.966846,
              14.6331012
            ]
          ]
        ]
      },
      "id": "relation/11378958"
    },
    {
      "type": "Feature",
      "properties": {
        "@id": "relation/11378959",
        "admin_level": "10",
        "boundary": "administrative",
        "name": "Barangay 141",
        "type": "boundary"
      },
      "geometry": {
        "type": "Polygon",
        "coordinates": [
          [
            [
              120.9678188,
              14.6324039
            ],
            [
              120.9675478,
              14.6322851
            ],
            [
              120.9672765,
              14.6321662
            ],
            [
              120.9677266,
              14.6312369
            ],
            [
              120.9679724,
              14.6313455
            ],
            [
              120.9682313,
              14.631459
            ],
            [
              120.9678188,
              14.6324039
            ]
          ]
        ]
      },
      "id": "relation/11378959"
    },
    {
      "type": "Feature",
      "properties": {
        "@id": "relation/11378960",
        "admin_level": "10",
        "boundary": "administrative",
        "name": "Barangay 140",
        "type": "boundary"
      },
      "geometry": {
        "type": "Polygon",
        "coordinates": [
          [
            [
              120.9677266,
              14.6312369
            ],
            [
              120.9672765,
              14.6321662
            ],
            [
              120.9669868,
              14.6320392
            ],
            [
              120.9666706,
              14.6319006
            ],
            [
              120.9663742,
              14.6317707
            ],
            [
              120.9660648,
              14.6316351
            ],
            [
              120.9664902,
              14.6307069
            ],
            [
              120.9668074,
              14.6308429
            ],
            [
              120.9671119,
              14.6309734
            ],
            [
              120.9674153,
              14.6311035
            ],
            [
              120.9677266,
              14.6312369
            ]
          ]
        ]
      },
      "id": "relation/11378960"
    },
    {
      "type": "Feature",
      "properties": {
        "@id": "relation/11378961",
        "admin_level": "10",
        "boundary": "administrative",
        "name": "Barangay 136",
        "type": "boundary"
      },
      "geometry": {
        "type": "Polygon",
        "coordinates": [
          [
            [
              120.9693119,
              14.6319259
            ],
            [
              120.9688793,
              14.6328697
            ],
            [
              120.9686181,
              14.6327542
            ],
            [
              120.968347,
              14.6326354
            ],
            [
              120.9680936,
              14.6325243
            ],
            [
              120.9678188,
              14.6324039
            ],
            [
              120.9682313,
              14.631459
            ],
            [
              120.9685117,
              14.6315781
            ],
            [
              120.9687771,
              14.6316965
            ],
            [
              120.9690495,
              14.6318136
            ],
            [
              120.9693119,
              14.6319259
            ]
          ]
        ]
      },
      "id": "relation/11378961"
    },
    {
      "type": "Feature",
      "properties": {
        "@id": "relation/11378962",
        "admin_level": "10",
        "boundary": "administrative",
        "name": "Barangay 139",
        "type": "boundary"
      },
      "geometry": {
        "type": "Polygon",
        "coordinates": [
          [
            [
              120.9680973,
              14.630283
            ],
            [
              120.9681449,
              14.6303006
            ],
            [
              120.9683131,
              14.6299106
            ],
            [
              120.9685576,
              14.629344
            ],
            [
              120.9686678,
              14.6291583
            ],
            [
              120.9688366,
              14.6292909
            ],
            [
              120.9690619,
              14.6294348
            ],
            [
              120.9691727,
              14.6295056
            ],
            [
              120.968733,
              14.6304591
            ],
            [
              120.9686719,
              14.6305178
            ],
            [
              120.9682609,
              14.6313876
            ],
            [
              120.9682313,
              14.631459
            ],
            [
              120.9679724,
              14.6313455
            ],
            [
              120.9677266,
              14.6312369
            ],
            [
              120.9674153,
              14.6311035
            ],
            [
              120.9671119,
              14.6309734
            ],
            [
              120.9668074,
              14.6308429
            ],
            [
              120.9664902,
              14.6307069
            ],
            [
              120.9666821,
              14.6302915
            ],
            [
              120.9669157,
              14.6297859
            ],
            [
              120.9669465,
              14.6297988
            ],
            [
              120.9672181,
              14.6299125
            ],
            [
              120.9675262,
              14.6300415
            ],
            [
              120.9678264,
              14.6301672
            ],
            [
              120.9680973,
              14.630283
            ]
          ]
        ]
      },
      "id": "relation/11378962"
    },
    {
      "type": "Feature",
      "properties": {
        "@id": "relation/11378963",
        "admin_level": "10",
        "boundary": "administrative",
        "name": "Barangay 132",
        "type": "boundary"
      },
      "geometry": {
        "type": "Polygon",
        "coordinates": [
          [
            [
              120.9667385,
              14.6285885
            ],
            [
              120.9664192,
              14.6284491
            ],
            [
              120.9661186,
              14.6283285
            ],
            [
              120.9654554,
              14.628045
            ],
            [
              120.9658783,
              14.6271018
            ],
            [
              120.9659085,
              14.6270398
            ],
            [
              120.9660953,
              14.6266562
            ],
            [
              120.9662944,
              14.6263645
            ],
            [
              120.966708,
              14.6273226
            ],
            [
              120.9671972,
              14.6280618
            ],
            [
              120.9675778,
              14.6283614
            ],
            [
              120.9674678,
              14.6285707
            ],
            [
              120.9673426,
              14.6288506
            ],
            [
              120.9669157,
              14.6297859
            ],
            [
              120.9666821,
              14.6302915
            ],
            [
              120.9664902,
              14.6307069
            ],
            [
              120.9661845,
              14.6305759
            ],
            [
              120.9658852,
              14.6304476
            ],
            [
              120.9658979,
              14.6304202
            ],
            [
              120.9663068,
              14.629527
            ],
            [
              120.9667192,
              14.6286304
            ],
            [
              120.9667385,
              14.6285885
            ]
          ]
        ]
      },
      "id": "relation/11378963"
    },
    {
      "type": "Feature",
      "properties": {
        "@id": "relation/11378964",
        "admin_level": "10",
        "boundary": "administrative",
        "name": "Barangay 137",
        "type": "boundary"
      },
      "geometry": {
        "type": "Polygon",
        "coordinates": [
          [
            [
              120.9675778,
              14.6283614
            ],
            [
              120.9682444,
              14.6288258
            ],
            [
              120.9686678,
              14.6291583
            ],
            [
              120.9685576,
              14.629344
            ],
            [
              120.9683131,
              14.6299106
            ],
            [
              120.9681449,
              14.6303006
            ],
            [
              120.9680973,
              14.630283
            ],
            [
              120.9678264,
              14.6301672
            ],
            [
              120.9675262,
              14.6300415
            ],
            [
              120.9672181,
              14.6299125
            ],
            [
              120.9669465,
              14.6297988
            ],
            [
              120.9669157,
              14.6297859
            ],
            [
              120.9673426,
              14.6288506
            ],
            [
              120.9674678,
              14.6285707
            ],
            [
              120.9675778,
              14.6283614
            ]
          ]
        ]
      },
      "id": "relation/11378964"
    },
    {
      "type": "Feature",
      "properties": {
        "@id": "relation/11378965",
        "admin_level": "10",
        "boundary": "administrative",
        "name": "Barangay 131",
        "type": "boundary"
      },
      "geometry": {
        "type": "Polygon",
        "coordinates": [
          [
            [
              120.9648535,
              14.6311042
            ],
            [
              120.9652646,
              14.6301816
            ],
            [
              120.9655711,
              14.630313
            ],
            [
              120.9658852,
              14.6304476
            ],
            [
              120.9661845,
              14.6305759
            ],
            [
              120.9664902,
              14.6307069
            ],
            [
              120.9660648,
              14.6316351
            ],
            [
              120.9658175,
              14.6321964
            ],
            [
              120.9656457,
              14.6325881
            ],
            [
              120.9647294,
              14.6313871
            ],
            [
              120.9648535,
              14.6311042
            ]
          ]
        ]
      },
      "id": "relation/11378965"
    },
    {
      "type": "Feature",
      "properties": {
        "@id": "relation/11378966",
        "admin_level": "10",
        "boundary": "administrative",
        "name": "Barangay 138",
        "type": "boundary"
      },
      "geometry": {
        "type": "Polygon",
        "coordinates": [
          [
            [
              120.9660648,
              14.6316351
            ],
            [
              120.9663742,
              14.6317707
            ],
            [
              120.9666706,
              14.6319006
            ],
            [
              120.9669868,
              14.6320392
            ],
            [
              120.9672765,
              14.6321662
            ],
            [
              120.966846,
              14.6331012
            ],
            [
              120.9664616,
              14.6339302
            ],
            [
              120.9664244,
              14.6340105
            ],
            [
              120.9664016,
              14.6340453
            ],
            [
              120.9663621,
              14.6340989
            ],
            [
              120.9663169,
              14.6341494
            ],
            [
              120.9662995,
              14.6341681
            ],
            [
              120.9662613,
              14.6341229
            ],
            [
              120.9661353,
              14.6339283
            ],
            [
              120.965995,
              14.6334348
            ],
            [
              120.9658188,
              14.6328149
            ],
            [
              120.9656457,
              14.6325881
            ],
            [
              120.9658175,
              14.6321964
            ],
            [
              120.9660648,
              14.6316351
            ]
          ]
        ]
      },
      "id": "relation/11378966"
    },
    {
      "type": "Feature",
      "properties": {
        "@id": "relation/11378967",
        "admin_level": "10",
        "boundary": "administrative",
        "name": "Barangay 125",
        "type": "boundary"
      },
      "geometry": {
        "type": "Polygon",
        "coordinates": [
          [
            [
              120.9650379,
              14.6330976
            ],
            [
              120.9648414,
              14.6328508
            ],
            [
              120.9645909,
              14.6325063
            ],
            [
              120.9645303,
              14.6324306
            ],
            [
              120.9644999,
              14.6323926
            ],
            [
              120.9643901,
              14.632292
            ],
            [
              120.9642818,
              14.6322388
            ],
            [
              120.9640344,
              14.6321174
            ],
            [
              120.9636609,
              14.6319639
            ],
            [
              120.9637435,
              14.6317847
            ],
            [
              120.9638966,
              14.6314527
            ],
            [
              120.9639419,
              14.6313544
            ],
            [
              120.9639852,
              14.6312606
            ],
            [
              120.9640038,
              14.6312203
            ],
            [
              120.9640676,
              14.6310819
            ],
            [
              120.9641268,
              14.6309534
            ],
            [
              120.9641765,
              14.6308457
            ],
            [
              120.9644119,
              14.630971
            ],
            [
              120.9647294,
              14.6313871
            ],
            [
              120.9656457,
              14.6325881
            ],
            [
              120.9658188,
              14.6328149
            ],
            [
              120.965995,
              14.6334348
            ],
            [
              120.9661353,
              14.6339283
            ],
            [
              120.9662613,
              14.6341229
            ],
            [
              120.9662995,
              14.6341681
            ],
            [
              120.9664679,
              14.6343669
            ],
            [
              120.9668696,
              14.6344902
            ],
            [
              120.9672457,
              14.6346056
            ],
            [
              120.9679789,
              14.6348872
            ],
            [
              120.9684836,
              14.6350811
            ],
            [
              120.9686235,
              14.6351348
            ],
            [
              120.9686025,
              14.6356558
            ],
            [
              120.9672796,
              14.6356364
            ],
            [
              120.9671092,
              14.6355108
            ],
            [
              120.9668796,
              14.635338
            ],
            [
              120.9665175,
              14.6350091
            ],
            [
              120.9663807,
              14.6348848
            ],
            [
              120.9660081,
              14.63443
            ],
            [
              120.9659459,
              14.6343369
            ],
            [
              120.9659136,
              14.6342937
            ],
            [
              120.9650379,
              14.6330976
            ]
          ]
        ]
      },
      "id": "relation/11378967"
    },
    {
      "type": "Feature",
      "properties": {
        "@id": "relation/11378968",
        "admin_level": "10",
        "boundary": "administrative",
        "name": "Barangay 126",
        "type": "boundary"
      },
      "geometry": {
        "type": "Polygon",
        "coordinates": [
          [
            [
              120.9641765,
              14.6308457
            ],
            [
              120.9641268,
              14.6309534
            ],
            [
              120.9640676,
              14.6310819
            ],
            [
              120.9640038,
              14.6312203
            ],
            [
              120.9639852,
              14.6312606
            ],
            [
              120.9639419,
              14.6313544
            ],
            [
              120.9638966,
              14.6314527
            ],
            [
              120.9637435,
              14.6317847
            ],
            [
              120.9636609,
              14.6319639
            ],
            [
              120.9640344,
              14.6321174
            ],
            [
              120.9642818,
              14.6322388
            ],
            [
              120.9643901,
              14.632292
            ],
            [
              120.9644999,
              14.6323926
            ],
            [
              120.9645303,
              14.6324306
            ],
            [
              120.9645909,
              14.6325063
            ],
            [
              120.9648414,
              14.6328508
            ],
            [
              120.9650379,
              14.6330976
            ],
            [
              120.9650086,
              14.6333028
            ],
            [
              120.9649578,
              14.6334435
            ],
            [
              120.9648439,
              14.6336707
            ],
            [
              120.964799,
              14.6337602
            ],
            [
              120.964313,
              14.6344618
            ],
            [
              120.9642153,
              14.6346101
            ],
            [
              120.9640063,
              14.6349276
            ],
            [
              120.9638816,
              14.63513
            ],
            [
              120.9636765,
              14.6354604
            ],
            [
              120.9635926,
              14.6355955
            ],
            [
              120.9620155,
              14.6355591
            ],
            [
              120.9611838,
              14.6355469
            ],
            [
              120.961261,
              14.6344713
            ],
            [
              120.9615165,
              14.6342475
            ],
            [
              120.9618012,
              14.6340042
            ],
            [
              120.9619059,
              14.6339172
            ],
            [
              120.9623176,
              14.6336203
            ],
            [
              120.9625051,
              14.6327748
            ],
            [
              120.9623237,
              14.6323786
            ],
            [
              120.9623024,
              14.6321999
            ],
            [
              120.9622496,
              14.6319458
            ],
            [
              120.9627249,
              14.6303927
            ],
            [
              120.9628227,
              14.6298103
            ],
            [
              120.9635644,
              14.6302171
            ],
            [
              120.9635831,
              14.6305856
            ],
            [
              120.9641765,
              14.6308457
            ]
          ]
        ]
      },
      "id": "relation/11378968"
    },
    {
      "type": "Feature",
      "properties": {
        "@id": "relation/11378969",
        "admin_level": "10",
        "boundary": "administrative",
        "name": "Barangay 148",
        "type": "boundary"
      },
      "geometry": {
        "type": "Polygon",
        "coordinates": [
          [
            [
              120.97007,
              14.6231411
            ],
            [
              120.9703035,
              14.623023
            ],
            [
              120.9709973,
              14.6226805
            ],
            [
              120.971177,
              14.6225899
            ],
            [
              120.9718584,
              14.6222479
            ],
            [
              120.9722329,
              14.6220562
            ],
            [
              120.9722895,
              14.6222348
            ],
            [
              120.9723524,
              14.6224123
            ],
            [
              120.9724458,
              14.6226967
            ],
            [
              120.9724617,
              14.622748
            ],
            [
              120.9724984,
              14.6228713
            ],
            [
              120.9725061,
              14.6229022
            ],
            [
              120.9725953,
              14.623301
            ],
            [
              120.9726335,
              14.623466
            ],
            [
              120.9726606,
              14.6235839
            ],
            [
              120.9726813,
              14.6236752
            ],
            [
              120.9727347,
              14.6239341
            ],
            [
              120.9718495,
              14.6241261
            ],
            [
              120.9713266,
              14.6242046
            ],
            [
              120.9707978,
              14.624284
            ],
            [
              120.9702257,
              14.6243537
            ],
            [
              120.9696807,
              14.6244163
            ],
            [
              120.9694588,
              14.6245538
            ],
            [
              120.9691601,
              14.6247389
            ],
            [
              120.9688244,
              14.6249452
            ],
            [
              120.9684955,
              14.6251429
            ],
            [
              120.9680026,
              14.625456
            ],
            [
              120.9675694,
              14.6251342
            ],
            [
              120.9672627,
              14.6249111
            ],
            [
              120.9673791,
              14.6247417
            ],
            [
              120.9676347,
              14.6243959
            ],
            [
              120.967707,
              14.6243271
            ],
            [
              120.9677888,
              14.6242648
            ],
            [
              120.967876,
              14.6242168
            ],
            [
              120.9680544,
              14.6241182
            ],
            [
              120.968556,
              14.6238768
            ],
            [
              120.9689286,
              14.6236962
            ],
            [
              120.9692922,
              14.62352
            ],
            [
              120.9699212,
              14.6232137
            ],
            [
              120.9700102,
              14.6231707
            ],
            [
              120.97007,
              14.6231411
            ]
          ]
        ]
      },
      "id": "relation/11378969"
    },
    {
      "type": "Feature",
      "properties": {
        "@id": "relation/11378970",
        "admin_level": "10",
        "boundary": "administrative",
        "name": "Barangay 161",
        "type": "boundary"
      },
      "geometry": {
        "type": "Polygon",
        "coordinates": [
          [
            [
              120.9736177,
              14.6276476
            ],
            [
              120.9740707,
              14.6275933
            ],
            [
              120.9742271,
              14.6275744
            ],
            [
              120.9743954,
              14.6275541
            ],
            [
              120.9753354,
              14.6274405
            ],
            [
              120.9756169,
              14.6274051
            ],
            [
              120.9757865,
              14.6286651
            ],
            [
              120.9755069,
              14.6287195
            ],
            [
              120.9752442,
              14.6287593
            ],
            [
              120.9751181,
              14.6287771
            ],
            [
              120.9748619,
              14.6288092
            ],
            [
              120.9747334,
              14.6288253
            ],
            [
              120.9745937,
              14.628843
            ],
            [
              120.9739272,
              14.6289285
            ],
            [
              120.9739132,
              14.6288691
            ],
            [
              120.9737931,
              14.6283634
            ],
            [
              120.9737503,
              14.6281772
            ],
            [
              120.9737115,
              14.6280274
            ],
            [
              120.9736177,
              14.6276476
            ]
          ]
        ]
      },
      "id": "relation/11378970"
    },
    {
      "type": "Feature",
      "properties": {
        "@id": "relation/11378971",
        "admin_level": "10",
        "boundary": "administrative",
        "name": "Barangay 165",
        "type": "boundary"
      },
      "geometry": {
        "type": "Polygon",
        "coordinates": [
          [
            [
              120.9731853,
              14.6258834
            ],
            [
              120.9753545,
              14.6254357
            ],
            [
              120.9755296,
              14.626723
            ],
            [
              120.9755211,
              14.626721
            ],
            [
              120.9752554,
              14.6266579
            ],
            [
              120.9752053,
              14.6266458
            ],
            [
              120.9746792,
              14.6265341
            ],
            [
              120.9745282,
              14.6265118
            ],
            [
              120.9743147,
              14.6264825
            ],
            [
              120.9742053,
              14.6264854
            ],
            [
              120.9740695,
              14.62652
            ],
            [
              120.97383,
              14.6265812
            ],
            [
              120.9736998,
              14.6266144
            ],
            [
              120.9733795,
              14.6266965
            ],
            [
              120.9733419,
              14.6265622
            ],
            [
              120.9733309,
              14.6265125
            ],
            [
              120.9732915,
              14.6263385
            ],
            [
              120.9732613,
              14.6262056
            ],
            [
              120.9732192,
              14.6260311
            ],
            [
              120.9731853,
              14.6258834
            ]
          ]
        ]
      },
      "id": "relation/11378971"
    },
    {
      "type": "Feature",
      "properties": {
        "@id": "relation/11378972",
        "admin_level": "10",
        "boundary": "administrative",
        "name": "Barangay 164",
        "type": "boundary"
      },
      "geometry": {
        "type": "Polygon",
        "coordinates": [
          [
            [
              120.9752516,
              14.6246786
            ],
            [
              120.9753545,
              14.6254357
            ],
            [
              120.9731853,
              14.6258834
            ],
            [
              120.9730488,
              14.6252979
            ],
            [
              120.9730294,
              14.6252177
            ],
            [
              120.9737737,
              14.6249629
            ],
            [
              120.9752516,
              14.6246786
            ]
          ]
        ]
      },
      "id": "relation/11378972"
    },
    {
      "type": "Feature",
      "properties": {
        "@id": "relation/11378973",
        "admin_level": "10",
        "boundary": "administrative",
        "name": "Barangay 162",
        "type": "boundary"
      },
      "geometry": {
        "type": "Polygon",
        "coordinates": [
          [
            [
              120.9752053,
              14.6266458
            ],
            [
              120.9752554,
              14.6266579
            ],
            [
              120.9755211,
              14.626721
            ],
            [
              120.9755296,
              14.626723
            ],
            [
              120.9756169,
              14.6274051
            ],
            [
              120.9753354,
              14.6274405
            ],
            [
              120.9743954,
              14.6275541
            ],
            [
              120.9742271,
              14.6275744
            ],
            [
              120.9740707,
              14.6275933
            ],
            [
              120.9736177,
              14.6276476
            ],
            [
              120.9736024,
              14.6275977
            ],
            [
              120.9735241,
              14.6272592
            ],
            [
              120.9733795,
              14.6266965
            ],
            [
              120.9736998,
              14.6266144
            ],
            [
              120.97383,
              14.6265812
            ],
            [
              120.9740695,
              14.62652
            ],
            [
              120.9742053,
              14.6264854
            ],
            [
              120.9743147,
              14.6264825
            ],
            [
              120.9745282,
              14.6265118
            ],
            [
              120.9746792,
              14.6265341
            ],
            [
              120.9752053,
              14.6266458
            ]
          ]
        ]
      },
      "id": "relation/11378973"
    },
    {
      "type": "Feature",
      "properties": {
        "@id": "relation/11378974",
        "admin_level": "10",
        "boundary": "administrative",
        "name": "Barangay 163",
        "type": "boundary"
      },
      "geometry": {
        "type": "Polygon",
        "coordinates": [
          [
            [
              120.9725953,
              14.623301
            ],
            [
              120.9736757,
              14.6231967
            ],
            [
              120.9750328,
              14.6230697
            ],
            [
              120.9752516,
              14.6246786
            ],
            [
              120.9737737,
              14.6249629
            ],
            [
              120.9730294,
              14.6252177
            ],
            [
              120.9728827,
              14.6245886
            ],
            [
              120.9728669,
              14.6245292
            ],
            [
              120.9728498,
              14.6244621
            ],
            [
              120.9728195,
              14.6243247
            ],
            [
              120.9727347,
              14.6239341
            ],
            [
              120.9726813,
              14.6236752
            ],
            [
              120.9726606,
              14.6235839
            ],
            [
              120.9726335,
              14.623466
            ],
            [
              120.9725953,
              14.623301
            ]
          ]
        ]
      },
      "id": "relation/11378974"
    },
    {
      "type": "Feature",
      "properties": {
        "@id": "relation/11378975",
        "admin_level": "10",
        "boundary": "administrative",
        "name": "Barangay 175",
        "type": "boundary"
      },
      "geometry": {
        "type": "Polygon",
        "coordinates": [
          [
            [
              120.970979,
              14.6290565
            ],
            [
              120.9711263,
              14.629166
            ],
            [
              120.9711805,
              14.6292063
            ],
            [
              120.9712649,
              14.6292208
            ],
            [
              120.971261,
              14.6293905
            ],
            [
              120.9709867,
              14.6297337
            ],
            [
              120.9705429,
              14.6306287
            ],
            [
              120.9701658,
              14.6302197
            ],
            [
              120.9697464,
              14.6298722
            ],
            [
              120.9691727,
              14.6295056
            ],
            [
              120.9690619,
              14.6294348
            ],
            [
              120.9688366,
              14.6292909
            ],
            [
              120.9686678,
              14.6291583
            ],
            [
              120.9688188,
              14.6288991
            ],
            [
              120.9690838,
              14.6283252
            ],
            [
              120.9691884,
              14.6281913
            ],
            [
              120.9694062,
              14.6279125
            ],
            [
              120.9696557,
              14.6280973
            ],
            [
              120.9698271,
              14.6282243
            ],
            [
              120.9698655,
              14.6282528
            ],
            [
              120.9700506,
              14.6283899
            ],
            [
              120.9701162,
              14.6284385
            ],
            [
              120.9703178,
              14.6285895
            ],
            [
              120.970362,
              14.6286207
            ],
            [
              120.9704916,
              14.628712
            ],
            [
              120.9705364,
              14.6287436
            ],
            [
              120.9706831,
              14.628847
            ],
            [
              120.9707824,
              14.6289145
            ],
            [
              120.9708343,
              14.628952
            ],
            [
              120.970979,
              14.6290565
            ]
          ]
        ]
      },
      "id": "relation/11378975"
    },
    {
      "type": "Feature",
      "properties": {
        "@id": "relation/11378976",
        "admin_level": "10",
        "boundary": "administrative",
        "name": "Barangay 174",
        "type": "boundary"
      },
      "geometry": {
        "type": "Polygon",
        "coordinates": [
          [
            [
              120.9716014,
              14.6279121
            ],
            [
              120.971539,
              14.6276568
            ],
            [
              120.971495,
              14.6274768
            ],
            [
              120.9714505,
              14.6272946
            ],
            [
              120.9714083,
              14.6271219
            ],
            [
              120.9713427,
              14.6268533
            ],
            [
              120.9719004,
              14.62678
            ],
            [
              120.9724536,
              14.6267068
            ],
            [
              120.9728408,
              14.6266448
            ],
            [
              120.9731865,
              14.6265883
            ],
            [
              120.9732612,
              14.6265761
            ],
            [
              120.9733419,
              14.6265622
            ],
            [
              120.9733795,
              14.6266965
            ],
            [
              120.9735241,
              14.6272592
            ],
            [
              120.9736024,
              14.6275977
            ],
            [
              120.9735549,
              14.6276072
            ],
            [
              120.9735344,
              14.6276103
            ],
            [
              120.9733253,
              14.6276435
            ],
            [
              120.972067,
              14.627845
            ],
            [
              120.9716014,
              14.6279121
            ]
          ]
        ]
      },
      "id": "relation/11378976"
    },
    {
      "type": "Feature",
      "properties": {
        "@id": "relation/11378977",
        "admin_level": "10",
        "boundary": "administrative",
        "name": "Barangay 173",
        "type": "boundary"
      },
      "geometry": {
        "type": "Polygon",
        "coordinates": [
          [
            [
              120.9716014,
              14.6279121
            ],
            [
              120.972067,
              14.627845
            ],
            [
              120.9733253,
              14.6276435
            ],
            [
              120.9735344,
              14.6276103
            ],
            [
              120.9735549,
              14.6276072
            ],
            [
              120.9736024,
              14.6275977
            ],
            [
              120.9736177,
              14.6276476
            ],
            [
              120.9737115,
              14.6280274
            ],
            [
              120.9737503,
              14.6281772
            ],
            [
              120.9737931,
              14.6283634
            ],
            [
              120.9739132,
              14.6288691
            ],
            [
              120.9732518,
              14.6289579
            ],
            [
              120.9730274,
              14.6289877
            ],
            [
              120.9724926,
              14.6290587
            ],
            [
              120.9723235,
              14.6290812
            ],
            [
              120.971863,
              14.6291424
            ],
            [
              120.9718006,
              14.6288583
            ],
            [
              120.9717637,
              14.628688
            ],
            [
              120.9717309,
              14.6285184
            ],
            [
              120.9716985,
              14.6283443
            ],
            [
              120.9716647,
              14.6281675
            ],
            [
              120.9716014,
              14.6279121
            ]
          ]
        ]
      },
      "id": "relation/11378977"
    },
    {
      "type": "Feature",
      "properties": {
        "@id": "relation/11378978",
        "admin_level": "10",
        "boundary": "administrative",
        "name": "Barangay 176",
        "type": "boundary"
      },
      "geometry": {
        "type": "Polygon",
        "coordinates": [
          [
            [
              120.9713427,
              14.6268533
            ],
            [
              120.9714083,
              14.6271219
            ],
            [
              120.9714505,
              14.6272946
            ],
            [
              120.971495,
              14.6274768
            ],
            [
              120.971539,
              14.6276568
            ],
            [
              120.9716014,
              14.6279121
            ],
            [
              120.9716647,
              14.6281675
            ],
            [
              120.9716985,
              14.6283443
            ],
            [
              120.9717309,
              14.6285184
            ],
            [
              120.9717637,
              14.628688
            ],
            [
              120.9718006,
              14.6288583
            ],
            [
              120.971863,
              14.6291424
            ],
            [
              120.9715576,
              14.629181
            ],
            [
              120.9714035,
              14.6292032
            ],
            [
              120.9713186,
              14.6292127
            ],
            [
              120.9712649,
              14.6292208
            ],
            [
              120.9711805,
              14.6292063
            ],
            [
              120.9711263,
              14.629166
            ],
            [
              120.970979,
              14.6290565
            ],
            [
              120.9708343,
              14.628952
            ],
            [
              120.9707824,
              14.6289145
            ],
            [
              120.9706831,
              14.628847
            ],
            [
              120.9705364,
              14.6287436
            ],
            [
              120.9704916,
              14.628712
            ],
            [
              120.970362,
              14.6286207
            ],
            [
              120.9703178,
              14.6285895
            ],
            [
              120.9701162,
              14.6284385
            ],
            [
              120.9700506,
              14.6283899
            ],
            [
              120.9698655,
              14.6282528
            ],
            [
              120.9698271,
              14.6282243
            ],
            [
              120.9696557,
              14.6280973
            ],
            [
              120.9694062,
              14.6279125
            ],
            [
              120.9697718,
              14.6274735
            ],
            [
              120.9701215,
              14.6272585
            ],
            [
              120.970262,
              14.6271793
            ],
            [
              120.9703957,
              14.6271016
            ],
            [
              120.9705086,
              14.6270295
            ],
            [
              120.9705998,
              14.6269782
            ],
            [
              120.9706843,
              14.6269458
            ],
            [
              120.970813,
              14.6269217
            ],
            [
              120.9713427,
              14.6268533
            ]
          ]
        ]
      },
      "id": "relation/11378978"
    },
    {
      "type": "Feature",
      "properties": {
        "@id": "relation/11378979",
        "admin_level": "10",
        "boundary": "administrative",
        "name": "Barangay 167",
        "type": "boundary"
      },
      "geometry": {
        "type": "Polygon",
        "coordinates": [
          [
            [
              120.9707978,
              14.624284
            ],
            [
              120.9713266,
              14.6242046
            ],
            [
              120.9718495,
              14.6241261
            ],
            [
              120.9727347,
              14.6239341
            ],
            [
              120.9728195,
              14.6243247
            ],
            [
              120.9728498,
              14.6244621
            ],
            [
              120.9728669,
              14.6245292
            ],
            [
              120.9728827,
              14.6245886
            ],
            [
              120.9730294,
              14.6252177
            ],
            [
              120.9724566,
              14.625272
            ],
            [
              120.9721193,
              14.6253188
            ],
            [
              120.971587,
              14.6253917
            ],
            [
              120.9710392,
              14.6254686
            ],
            [
              120.9709841,
              14.6251981
            ],
            [
              120.97094,
              14.6249816
            ],
            [
              120.9708968,
              14.6247696
            ],
            [
              120.9708492,
              14.6245362
            ],
            [
              120.9707978,
              14.624284
            ]
          ]
        ]
      },
      "id": "relation/11378979"
    },
    {
      "type": "Feature",
      "properties": {
        "@id": "relation/11378980",
        "admin_level": "10",
        "boundary": "administrative",
        "name": "Barangay 172",
        "type": "boundary"
      },
      "geometry": {
        "type": "Polygon",
        "coordinates": [
          [
            [
              120.9664023,
              14.6261621
            ],
            [
              120.9665969,
              14.6258726
            ],
            [
              120.9666205,
              14.6258376
            ],
            [
              120.9668781,
              14.6260248
            ],
            [
              120.9668839,
              14.6260295
            ],
            [
              120.9670607,
              14.6261593
            ],
            [
              120.9673007,
              14.6263354
            ],
            [
              120.9675206,
              14.6265007
            ],
            [
              120.9677068,
              14.6266416
            ],
            [
              120.9678682,
              14.6267637
            ],
            [
              120.9680525,
              14.6269031
            ],
            [
              120.9682726,
              14.6270696
            ],
            [
              120.9683356,
              14.6271157
            ],
            [
              120.968503,
              14.6272382
            ],
            [
              120.9685336,
              14.6272611
            ],
            [
              120.9687395,
              14.6274152
            ],
            [
              120.9687471,
              14.6274209
            ],
            [
              120.9689463,
              14.6275699
            ],
            [
              120.969151,
              14.627725
            ],
            [
              120.9694062,
              14.6279125
            ],
            [
              120.9691884,
              14.6281913
            ],
            [
              120.9690838,
              14.6283252
            ],
            [
              120.9688188,
              14.6288991
            ],
            [
              120.9686678,
              14.6291583
            ],
            [
              120.9682444,
              14.6288258
            ],
            [
              120.9675778,
              14.6283614
            ],
            [
              120.9671972,
              14.6280618
            ],
            [
              120.966708,
              14.6273226
            ],
            [
              120.9662944,
              14.6263645
            ],
            [
              120.9664023,
              14.6261621
            ]
          ]
        ]
      },
      "id": "relation/11378980"
    },
    {
      "type": "Feature",
      "properties": {
        "@id": "relation/11378981",
        "admin_level": "10",
        "boundary": "administrative",
        "name": "Barangay 171",
        "type": "boundary"
      },
      "geometry": {
        "type": "Polygon",
        "coordinates": [
          [
            [
              120.9688244,
              14.6249452
            ],
            [
              120.9689358,
              14.6251164
            ],
            [
              120.9689643,
              14.62516
            ],
            [
              120.9690768,
              14.6253329
            ],
            [
              120.9691893,
              14.6255059
            ],
            [
              120.9693009,
              14.6256762
            ],
            [
              120.9694477,
              14.6259029
            ],
            [
              120.9691348,
              14.626103
            ],
            [
              120.9689685,
              14.6262189
            ],
            [
              120.9686338,
              14.626628
            ],
            [
              120.9682726,
              14.6270696
            ],
            [
              120.9680525,
              14.6269031
            ],
            [
              120.9678682,
              14.6267637
            ],
            [
              120.9677068,
              14.6266416
            ],
            [
              120.9675206,
              14.6265007
            ],
            [
              120.9673007,
              14.6263354
            ],
            [
              120.9670607,
              14.6261593
            ],
            [
              120.9668839,
              14.6260295
            ],
            [
              120.9668781,
              14.6260248
            ],
            [
              120.9666205,
              14.6258376
            ],
            [
              120.9669432,
              14.6253667
            ],
            [
              120.9672627,
              14.6249111
            ],
            [
              120.9675694,
              14.6251342
            ],
            [
              120.9680026,
              14.625456
            ],
            [
              120.9684955,
              14.6251429
            ],
            [
              120.9688244,
              14.6249452
            ]
          ]
        ]
      },
      "id": "relation/11378981"
    },
    {
      "type": "Feature",
      "properties": {
        "@id": "relation/11378982",
        "admin_level": "10",
        "boundary": "administrative",
        "name": "Barangay 169",
        "type": "boundary"
      },
      "geometry": {
        "type": "Polygon",
        "coordinates": [
          [
            [
              120.9696807,
              14.6244163
            ],
            [
              120.9702257,
              14.6243537
            ],
            [
              120.9707978,
              14.624284
            ],
            [
              120.9708492,
              14.6245362
            ],
            [
              120.9708968,
              14.6247696
            ],
            [
              120.97094,
              14.6249816
            ],
            [
              120.9709841,
              14.6251981
            ],
            [
              120.9710392,
              14.6254686
            ],
            [
              120.970484,
              14.6255447
            ],
            [
              120.9699425,
              14.625624
            ],
            [
              120.9697713,
              14.6257044
            ],
            [
              120.9694477,
              14.6259029
            ],
            [
              120.9693009,
              14.6256762
            ],
            [
              120.9691893,
              14.6255059
            ],
            [
              120.9690768,
              14.6253329
            ],
            [
              120.9689643,
              14.62516
            ],
            [
              120.9689358,
              14.6251164
            ],
            [
              120.9688244,
              14.6249452
            ],
            [
              120.9691601,
              14.6247389
            ],
            [
              120.9694588,
              14.6245538
            ],
            [
              120.9696807,
              14.6244163
            ]
          ]
        ]
      },
      "id": "relation/11378982"
    },
    {
      "type": "Feature",
      "properties": {
        "@id": "relation/11378983",
        "admin_level": "10",
        "boundary": "administrative",
        "name": "Barangay 166",
        "type": "boundary"
      },
      "geometry": {
        "type": "Polygon",
        "coordinates": [
          [
            [
              120.9710392,
              14.6254686
            ],
            [
              120.971587,
              14.6253917
            ],
            [
              120.9721193,
              14.6253188
            ],
            [
              120.9724566,
              14.625272
            ],
            [
              120.9730294,
              14.6252177
            ],
            [
              120.9730488,
              14.6252979
            ],
            [
              120.9731853,
              14.6258834
            ],
            [
              120.9732192,
              14.6260311
            ],
            [
              120.9732613,
              14.6262056
            ],
            [
              120.9732915,
              14.6263385
            ],
            [
              120.9733309,
              14.6265125
            ],
            [
              120.9733419,
              14.6265622
            ],
            [
              120.9732612,
              14.6265761
            ],
            [
              120.9731865,
              14.6265883
            ],
            [
              120.9728408,
              14.6266448
            ],
            [
              120.9724536,
              14.6267068
            ],
            [
              120.9719004,
              14.62678
            ],
            [
              120.9713427,
              14.6268533
            ],
            [
              120.9712755,
              14.6265259
            ],
            [
              120.9712181,
              14.6262842
            ],
            [
              120.9711632,
              14.6260305
            ],
            [
              120.9711091,
              14.6257895
            ],
            [
              120.9710392,
              14.6254686
            ]
          ]
        ]
      },
      "id": "relation/11378983"
    },
    {
      "type": "Feature",
      "properties": {
        "@id": "relation/11378984",
        "admin_level": "10",
        "boundary": "administrative",
        "name": "Barangay 168",
        "type": "boundary"
      },
      "geometry": {
        "type": "Polygon",
        "coordinates": [
          [
            [
              120.9689685,
              14.6262189
            ],
            [
              120.9691348,
              14.626103
            ],
            [
              120.9694477,
              14.6259029
            ],
            [
              120.9697713,
              14.6257044
            ],
            [
              120.9699425,
              14.625624
            ],
            [
              120.970484,
              14.6255447
            ],
            [
              120.9710392,
              14.6254686
            ],
            [
              120.9711091,
              14.6257895
            ],
            [
              120.9711632,
              14.6260305
            ],
            [
              120.9712181,
              14.6262842
            ],
            [
              120.9712755,
              14.6265259
            ],
            [
              120.9713427,
              14.6268533
            ],
            [
              120.970813,
              14.6269217
            ],
            [
              120.9706843,
              14.6269458
            ],
            [
              120.9705998,
              14.6269782
            ],
            [
              120.9705086,
              14.6270295
            ],
            [
              120.9703957,
              14.6271016
            ],
            [
              120.970262,
              14.6271793
            ],
            [
              120.9701339,
              14.6270903
            ],
            [
              120.9699422,
              14.6269416
            ],
            [
              120.9698317,
              14.6268559
            ],
            [
              120.9696237,
              14.6267007
            ],
            [
              120.9694268,
              14.626561
            ],
            [
              120.9692221,
              14.6264146
            ],
            [
              120.9689685,
              14.6262189
            ]
          ]
        ]
      },
      "id": "relation/11378984"
    },
    {
      "type": "Feature",
      "properties": {
        "@id": "relation/11378985",
        "admin_level": "10",
        "boundary": "administrative",
        "name": "Barangay 170",
        "type": "boundary"
      },
      "geometry": {
        "type": "Polygon",
        "coordinates": [
          [
            [
              120.9682726,
              14.6270696
            ],
            [
              120.9686338,
              14.626628
            ],
            [
              120.9689685,
              14.6262189
            ],
            [
              120.9692221,
              14.6264146
            ],
            [
              120.9694268,
              14.626561
            ],
            [
              120.9696237,
              14.6267007
            ],
            [
              120.9698317,
              14.6268559
            ],
            [
              120.9699422,
              14.6269416
            ],
            [
              120.9701339,
              14.6270903
            ],
            [
              120.970262,
              14.6271793
            ],
            [
              120.9701215,
              14.6272585
            ],
            [
              120.9697718,
              14.6274735
            ],
            [
              120.9694062,
              14.6279125
            ],
            [
              120.969151,
              14.627725
            ],
            [
              120.9689463,
              14.6275699
            ],
            [
              120.9687471,
              14.6274209
            ],
            [
              120.9687395,
              14.6274152
            ],
            [
              120.9685336,
              14.6272611
            ],
            [
              120.968503,
              14.6272382
            ],
            [
              120.9683356,
              14.6271157
            ],
            [
              120.9682726,
              14.6270696
            ]
          ]
        ]
      },
      "id": "relation/11378985"
    },
    {
      "type": "Feature",
      "properties": {
        "@id": "relation/11378986",
        "admin_level": "10",
        "boundary": "administrative",
        "name": "Barangay 134",
        "type": "boundary"
      },
      "geometry": {
        "type": "Polygon",
        "coordinates": [
          [
            [
              120.9652646,
              14.6301816
            ],
            [
              120.964611,
              14.6299014
            ],
            [
              120.965045,
              14.6289627
            ],
            [
              120.9653077,
              14.6283752
            ],
            [
              120.9654554,
              14.628045
            ],
            [
              120.9661186,
              14.6283285
            ],
            [
              120.9664192,
              14.6284491
            ],
            [
              120.9667385,
              14.6285885
            ],
            [
              120.9667192,
              14.6286304
            ],
            [
              120.9663068,
              14.629527
            ],
            [
              120.9658979,
              14.6304202
            ],
            [
              120.9658852,
              14.6304476
            ],
            [
              120.9655711,
              14.630313
            ],
            [
              120.9652646,
              14.6301816
            ]
          ]
        ]
      },
      "id": "relation/11378986"
    },
    {
      "type": "Feature",
      "properties": {
        "@id": "relation/12442174",
        "admin_level": "10",
        "boundary": "administrative",
        "name": "Barangay 663-A",
        "type": "boundary"
      },
      "geometry": {
        "type": "Polygon",
        "coordinates": [
          [
            [
              120.9863064,
              14.590906
            ],
            [
              120.9866877,
              14.5906267
            ],
            [
              120.9870985,
              14.5901995
            ],
            [
              120.9873827,
              14.5900011
            ],
            [
              120.9877513,
              14.589879
            ],
            [
              120.9881899,
              14.589816
            ],
            [
              120.9885973,
              14.5897574
            ],
            [
              120.9890726,
              14.5895968
            ],
            [
              120.9896837,
              14.58955
            ],
            [
              120.9905321,
              14.5897209
            ],
            [
              120.9914379,
              14.5902686
            ],
            [
              120.9928282,
              14.5912614
            ],
            [
              120.9909858,
              14.5911127
            ],
            [
              120.9901665,
              14.5912937
            ],
            [
              120.9887453,
              14.5913675
            ],
            [
              120.9877703,
              14.5913548
            ],
            [
              120.9867475,
              14.5914155
            ],
            [
              120.9862513,
              14.5913461
            ],
            [
              120.9863064,
              14.590906
            ]
          ]
        ]
      },
      "id": "relation/12442174"
    },
    {
      "type": "Feature",
      "properties": {
        "@id": "relation/18556163",
        "admin_level": "10",
        "boundary": "administrative",
        "name": "Barangay 685",
        "type": "boundary"
      },
      "geometry": {
        "type": "Polygon",
        "coordinates": [
          [
            [
              120.9937902,
              14.5783791
            ],
            [
              120.993887,
              14.5780953
            ],
            [
              120.9939018,
              14.5777706
            ],
            [
              120.9939551,
              14.5774943
            ],
            [
              120.9940623,
              14.5772615
            ],
            [
              120.9941814,
              14.5771452
            ],
            [
              120.994258,
              14.5770704
            ],
            [
              120.9944795,
              14.5769679
            ],
            [
              120.9948291,
              14.5768056
            ],
            [
              120.9955473,
              14.5761096
            ],
            [
              120.9959855,
              14.5757628
            ],
            [
              120.9982625,
              14.5786084
            ],
            [
              120.9982822,
              14.5787368
            ],
            [
              120.9973861,
              14.578803
            ],
            [
              120.997238,
              14.5788163
            ],
            [
              120.9966057,
              14.578848
            ],
            [
              120.9959255,
              14.5788038
            ],
            [
              120.9953129,
              14.5787573
            ],
            [
              120.9952356,
              14.5787515
            ],
            [
              120.99515,
              14.5787343
            ],
            [
              120.9948883,
              14.5786816
            ],
            [
              120.9945412,
              14.5785998
            ],
            [
              120.9938564,
              14.5784004
            ],
            [
              120.9938445,
              14.5783962
            ],
            [
              120.9938012,
              14.5783826
            ],
            [
              120.9937902,
              14.5783791
            ]
          ]
        ]
      },
      "id": "relation/18556163"
    },
    {
      "type": "Feature",
      "properties": {
        "@id": "node/7827908025",
        "@relations": [
          {
            "role": "label",
            "rel": 8769849,
            "reltags": {
              "admin_level": "10",
              "boundary": "administrative",
              "name": "Barangay 700",
              "type": "boundary"
            }
          }
        ]
      },
      "geometry": {
        "type": "Point",
        "coordinates": [
          120.9850722,
          14.5693105
        ]
      },
      "id": "node/7827908025"
    },
    {
      "type": "Feature",
      "properties": {
        "@id": "node/7827908026",
        "@relations": [
          {
            "role": "label",
            "rel": 8770448,
            "reltags": {
              "admin_level": "10",
              "boundary": "administrative",
              "name": "Barangay 706",
              "type": "boundary"
            }
          }
        ]
      },
      "geometry": {
        "type": "Point",
        "coordinates": [
          120.9897806,
          14.5693265
        ]
      },
      "id": "node/7827908026"
    },
    {
      "type": "Feature",
      "properties": {
        "@id": "node/7827908027",
        "@relations": [
          {
            "role": "label",
            "rel": 8769847,
            "reltags": {
              "admin_level": "10",
              "boundary": "administrative",
              "name": "Barangay 703",
              "type": "boundary"
            }
          }
        ]
      },
      "geometry": {
        "type": "Point",
        "coordinates": [
          120.9896449,
          14.5711715
        ]
      },
      "id": "node/7827908027"
    },
    {
      "type": "Feature",
      "properties": {
        "@id": "node/7827908028",
        "@relations": [
          {
            "role": "label",
            "rel": 8769848,
            "reltags": {
              "admin_level": "10",
              "boundary": "administrative",
              "name": "Barangay 702",
              "type": "boundary"
            }
          }
        ]
      },
      "geometry": {
        "type": "Point",
        "coordinates": [
          120.9874641,
          14.5700885
        ]
      },
      "id": "node/7827908028"
    },
    {
      "type": "Feature",
      "properties": {
        "@id": "node/8516002891",
        "@relations": [
          {
            "role": "label",
            "rel": 12442174,
            "reltags": {
              "admin_level": "10",
              "boundary": "administrative",
              "name": "Barangay 663-A",
              "type": "boundary"
            }
          }
        ]
      },
      "geometry": {
        "type": "Point",
        "coordinates": [
          120.9889019,
          14.5907166
        ]
      },
      "id": "node/8516002891"
    },
    {
      "type": "Feature",
      "properties": {
        "@id": "node/7488935391",
        "@relations": [
          {
            "role": "label",
            "rel": 11073546,
            "reltags": {
              "admin_level": "10",
              "boundary": "administrative",
              "name": "Barangay 487",
              "type": "boundary"
            }
          }
        ]
      },
      "geometry": {
        "type": "Point",
        "coordinates": [
          120.9919965,
          14.6160538
        ]
      },
      "id": "node/7488935391"
    },
    {
      "type": "Feature",
      "properties": {
        "@id": "node/7779527622",
        "@relations": [
          {
            "role": "label",
            "rel": 11378986,
            "reltags": {
              "admin_level": "10",
              "boundary": "administrative",
              "name": "Barangay 134",
              "type": "boundary"
            }
          }
        ]
      },
      "geometry": {
        "type": "Point",
        "coordinates": [
          120.9656109,
          14.6290596
        ]
      },
      "id": "node/7779527622"
    },
    {
      "type": "Feature",
      "properties": {
        "@id": "node/7782417228",
        "@relations": [
          {
            "role": "label",
            "rel": 11378949,
            "reltags": {
              "admin_level": "10",
              "boundary": "administrative",
              "name": "Barangay 130",
              "type": "boundary"
            }
          }
        ]
      },
      "geometry": {
        "type": "Point",
        "coordinates": [
          120.9635362,
          14.6283304
        ]
      },
      "id": "node/7782417228"
    },
    {
      "type": "Feature",
      "properties": {
        "@id": "node/7782417230",
        "@relations": [
          {
            "role": "label",
            "rel": 11378951,
            "reltags": {
              "admin_level": "10",
              "boundary": "administrative",
              "name": "Barangay 129",
              "type": "boundary"
            }
          }
        ]
      },
      "geometry": {
        "type": "Point",
        "coordinates": [
          120.9625223,
          14.6296462
        ]
      },
      "id": "node/7782417230"
    },
    {
      "type": "Feature",
      "properties": {
        "@id": "node/7782417240",
        "@relations": [
          {
            "role": "label",
            "rel": 11378952,
            "reltags": {
              "admin_level": "10",
              "boundary": "administrative",
              "name": "Barangay 133",
              "type": "boundary"
            }
          }
        ]
      },
      "geometry": {
        "type": "Point",
        "coordinates": [
          120.9652434,
          14.6268815
        ]
      },
      "id": "node/7782417240"
    },
    {
      "type": "Feature",
      "properties": {
        "@id": "node/7782417191",
        "@relations": [
          {
            "role": "label",
            "rel": 11378937,
            "reltags": {
              "admin_level": "10",
              "boundary": "administrative",
              "name": "Barangay 158",
              "type": "boundary"
            }
          }
        ]
      },
      "geometry": {
        "type": "Point",
        "coordinates": [
          120.9723674,
          14.6209272
        ]
      },
      "id": "node/7782417191"
    },
    {
      "type": "Feature",
      "properties": {
        "@id": "node/7782417193",
        "@relations": [
          {
            "role": "label",
            "rel": 11378934,
            "reltags": {
              "admin_level": "10",
              "boundary": "administrative",
              "name": "Barangay 156",
              "type": "boundary"
            }
          }
        ]
      },
      "geometry": {
        "type": "Point",
        "coordinates": [
          120.9727469,
          14.6180827
        ]
      },
      "id": "node/7782417193"
    },
    {
      "type": "Feature",
      "properties": {
        "@id": "node/7782417199",
        "@relations": [
          {
            "role": "label",
            "rel": 11378939,
            "reltags": {
              "admin_level": "10",
              "boundary": "administrative",
              "name": "Barangay 154",
              "type": "boundary"
            }
          }
        ]
      },
      "geometry": {
        "type": "Point",
        "coordinates": [
          120.9721233,
          14.6193012
        ]
      },
      "id": "node/7782417199"
    },
    {
      "type": "Feature",
      "properties": {
        "@id": "node/7782417216",
        "@relations": [
          {
            "role": "label",
            "rel": 11378944,
            "reltags": {
              "admin_level": "10",
              "boundary": "administrative",
              "name": "Barangay 149",
              "type": "boundary"
            }
          }
        ]
      },
      "geometry": {
        "type": "Point",
        "coordinates": [
          120.9706065,
          14.6211323
        ]
      },
      "id": "node/7782417216"
    },
    {
      "type": "Feature",
      "properties": {
        "@id": "node/7782417217",
        "@relations": [
          {
            "role": "label",
            "rel": 11378945,
            "reltags": {
              "admin_level": "10",
              "boundary": "administrative",
              "name": "Barangay 147",
              "type": "boundary"
            }
          }
        ]
      },
      "geometry": {
        "type": "Point",
        "coordinates": [
          120.9672564,
          14.6239339
        ]
      },
      "id": "node/7782417217"
    },
    {
      "type": "Feature",
      "properties": {
        "@id": "node/7782417218",
        "@relations": [
          {
            "role": "label",
            "rel": 11378943,
            "reltags": {
              "admin_level": "10",
              "boundary": "administrative",
              "name": "Barangay 150",
              "type": "boundary"
            }
          }
        ]
      },
      "geometry": {
        "type": "Point",
        "coordinates": [
          120.9690803,
          14.6204147
        ]
      },
      "id": "node/7782417218"
    },
    {
      "type": "Feature",
      "properties": {
        "@id": "node/7782417219",
        "@relations": [
          {
            "role": "label",
            "rel": 11378942,
            "reltags": {
              "admin_level": "10",
              "boundary": "administrative",
              "name": "Barangay 151",
              "type": "boundary"
            }
          }
        ]
      },
      "geometry": {
        "type": "Point",
        "coordinates": [
          120.9699655,
          14.6189197
        ]
      },
      "id": "node/7782417219"
    },
    {
      "type": "Feature",
      "properties": {
        "@id": "node/7782417189",
        "@relations": [
          {
            "role": "label",
            "rel": 11378940,
            "reltags": {
              "admin_level": "10",
              "boundary": "administrative",
              "name": "Barangay 160",
              "type": "boundary"
            }
          }
        ]
      },
      "geometry": {
        "type": "Point",
        "coordinates": [
          120.9730333,
          14.6201204
        ]
      },
      "id": "node/7782417189"
    },
    {
      "type": "Feature",
      "properties": {
        "@id": "node/7782417190",
        "@relations": [
          {
            "role": "label",
            "rel": 11378941,
            "reltags": {
              "admin_level": "10",
              "boundary": "administrative",
              "name": "Barangay 155",
              "type": "boundary"
            }
          }
        ]
      },
      "geometry": {
        "type": "Point",
        "coordinates": [
          120.9744326,
          14.62058
        ]
      },
      "id": "node/7782417190"
    },
    {
      "type": "Feature",
      "properties": {
        "@id": "node/7782417192",
        "@relations": [
          {
            "role": "label",
            "rel": 11378933,
            "reltags": {
              "admin_level": "10",
              "boundary": "administrative",
              "name": "Barangay 157",
              "type": "boundary"
            }
          }
        ]
      },
      "geometry": {
        "type": "Point",
        "coordinates": [
          120.9736602,
          14.6182307
        ]
      },
      "id": "node/7782417192"
    },
    {
      "type": "Feature",
      "properties": {
        "@id": "node/7782417194",
        "@relations": [
          {
            "role": "label",
            "rel": 11378932,
            "reltags": {
              "admin_level": "10",
              "boundary": "administrative",
              "name": "Barangay 159",
              "type": "boundary"
            }
          }
        ]
      },
      "geometry": {
        "type": "Point",
        "coordinates": [
          120.9735489,
          14.6195154
        ]
      },
      "id": "node/7782417194"
    },
    {
      "type": "Feature",
      "properties": {
        "@id": "node/7782417200",
        "@relations": [
          {
            "role": "label",
            "rel": 11378936,
            "reltags": {
              "admin_level": "10",
              "boundary": "administrative",
              "name": "Barangay 152",
              "type": "boundary"
            }
          }
        ]
      },
      "geometry": {
        "type": "Point",
        "coordinates": [
          120.9742409,
          14.6225532
        ]
      },
      "id": "node/7782417200"
    },
    {
      "type": "Feature",
      "properties": {
        "@id": "node/7782417201",
        "@relations": [
          {
            "role": "label",
            "rel": 11378935,
            "reltags": {
              "admin_level": "10",
              "boundary": "administrative",
              "name": "Barangay 153",
              "type": "boundary"
            }
          }
        ]
      },
      "geometry": {
        "type": "Point",
        "coordinates": [
          120.9730098,
          14.6225078
        ]
      },
      "id": "node/7782417201"
    },
    {
      "type": "Feature",
      "properties": {
        "@id": "node/7782417244",
        "@relations": [
          {
            "role": "label",
            "rel": 11378978,
            "reltags": {
              "admin_level": "10",
              "boundary": "administrative",
              "name": "Barangay 176",
              "type": "boundary"
            }
          }
        ]
      },
      "geometry": {
        "type": "Point",
        "coordinates": [
          120.9708385,
          14.6281409
        ]
      },
      "id": "node/7782417244"
    },
    {
      "type": "Feature",
      "properties": {
        "@id": "node/7782417245",
        "@relations": [
          {
            "role": "label",
            "rel": 11378975,
            "reltags": {
              "admin_level": "10",
              "boundary": "administrative",
              "name": "Barangay 175",
              "type": "boundary"
            }
          }
        ]
      },
      "geometry": {
        "type": "Point",
        "coordinates": [
          120.9711322,
          14.6292348
        ]
      },
      "id": "node/7782417245"
    },
    {
      "type": "Feature",
      "properties": {
        "@id": "node/7782417246",
        "@relations": [
          {
            "role": "label",
            "rel": 11378976,
            "reltags": {
              "admin_level": "10",
              "boundary": "administrative",
              "name": "Barangay 174",
              "type": "boundary"
            }
          }
        ]
      },
      "geometry": {
        "type": "Point",
        "coordinates": [
          120.9721585,
          14.6272326
        ]
      },
      "id": "node/7782417246"
    },
    {
      "type": "Feature",
      "properties": {
        "@id": "node/7782417247",
        "@relations": [
          {
            "role": "label",
            "rel": 11378977,
            "reltags": {
              "admin_level": "10",
              "boundary": "administrative",
              "name": "Barangay 173",
              "type": "boundary"
            }
          }
        ]
      },
      "geometry": {
        "type": "Point",
        "coordinates": [
          120.9722188,
          14.628463
        ]
      },
      "id": "node/7782417247"
    },
    {
      "type": "Feature",
      "properties": {
        "@id": "node/7782417248",
        "@relations": [
          {
            "role": "label",
            "rel": 11378980,
            "reltags": {
              "admin_level": "10",
              "boundary": "administrative",
              "name": "Barangay 172",
              "type": "boundary"
            }
          }
        ]
      },
      "geometry": {
        "type": "Point",
        "coordinates": [
          120.9679216,
          14.6275141
        ]
      },
      "id": "node/7782417248"
    },
    {
      "type": "Feature",
      "properties": {
        "@id": "node/7782417249",
        "@relations": [
          {
            "role": "label",
            "rel": 11378982,
            "reltags": {
              "admin_level": "10",
              "boundary": "administrative",
              "name": "Barangay 169",
              "type": "boundary"
            }
          }
        ]
      },
      "geometry": {
        "type": "Point",
        "coordinates": [
          120.9698126,
          14.6250123
        ]
      },
      "id": "node/7782417249"
    },
    {
      "type": "Feature",
      "properties": {
        "@id": "node/7782417250",
        "@relations": [
          {
            "role": "label",
            "rel": 11378984,
            "reltags": {
              "admin_level": "10",
              "boundary": "administrative",
              "name": "Barangay 168",
              "type": "boundary"
            }
          }
        ]
      },
      "geometry": {
        "type": "Point",
        "coordinates": [
          120.9700727,
          14.6264657
        ]
      },
      "id": "node/7782417250"
    },
    {
      "type": "Feature",
      "properties": {
        "@id": "node/7782417251",
        "@relations": [
          {
            "role": "label",
            "rel": 11378979,
            "reltags": {
              "admin_level": "10",
              "boundary": "administrative",
              "name": "Barangay 167",
              "type": "boundary"
            }
          }
        ]
      },
      "geometry": {
        "type": "Point",
        "coordinates": [
          120.971961,
          14.6247359
        ]
      },
      "id": "node/7782417251"
    },
    {
      "type": "Feature",
      "properties": {
        "@id": "node/7782417252",
        "@relations": [
          {
            "role": "label",
            "rel": 11378983,
            "reltags": {
              "admin_level": "10",
              "boundary": "administrative",
              "name": "Barangay 166",
              "type": "boundary"
            }
          }
        ]
      },
      "geometry": {
        "type": "Point",
        "coordinates": [
          120.9722614,
          14.6260932
        ]
      },
      "id": "node/7782417252"
    },
    {
      "type": "Feature",
      "properties": {
        "@id": "node/7782417257",
        "@relations": [
          {
            "role": "label",
            "rel": 11378969,
            "reltags": {
              "admin_level": "10",
              "boundary": "administrative",
              "name": "Barangay 148",
              "type": "boundary"
            }
          }
        ]
      },
      "geometry": {
        "type": "Point",
        "coordinates": [
          120.9687692,
          14.624815
        ]
      },
      "id": "node/7782417257"
    },
    {
      "type": "Feature",
      "properties": {
        "@id": "node/7782417263",
        "@relations": [
          {
            "role": "label",
            "rel": 11378962,
            "reltags": {
              "admin_level": "10",
              "boundary": "administrative",
              "name": "Barangay 139",
              "type": "boundary"
            }
          }
        ]
      },
      "geometry": {
        "type": "Point",
        "coordinates": [
          120.9679283,
          14.6307362
        ]
      },
      "id": "node/7782417263"
    },
    {
      "type": "Feature",
      "properties": {
        "@id": "node/7782417266",
        "@relations": [
          {
            "role": "label",
            "rel": 11378964,
            "reltags": {
              "admin_level": "10",
              "boundary": "administrative",
              "name": "Barangay 137",
              "type": "boundary"
            }
          }
        ]
      },
      "geometry": {
        "type": "Point",
        "coordinates": [
          120.9677768,
          14.6295501
        ]
      },
      "id": "node/7782417266"
    },
    {
      "type": "Feature",
      "properties": {
        "@id": "node/7782417270",
        "@relations": [
          {
            "role": "label",
            "rel": 11378963,
            "reltags": {
              "admin_level": "10",
              "boundary": "administrative",
              "name": "Barangay 132",
              "type": "boundary"
            }
          }
        ]
      },
      "geometry": {
        "type": "Point",
        "coordinates": [
          120.9666207,
          14.6297071
        ]
      },
      "id": "node/7782417270"
    },
    {
      "type": "Feature",
      "properties": {
        "@id": "node/7782443325",
        "@relations": [
          {
            "role": "label",
            "rel": 11378981,
            "reltags": {
              "admin_level": "10",
              "boundary": "administrative",
              "name": "Barangay 171",
              "type": "boundary"
            }
          }
        ]
      },
      "geometry": {
        "type": "Point",
        "coordinates": [
          120.9676869,
          14.6258934
        ]
      },
      "id": "node/7782443325"
    },
    {
      "type": "Feature",
      "properties": {
        "@id": "node/7779527614",
        "@relations": [
          {
            "role": "label",
            "rel": 11378974,
            "reltags": {
              "admin_level": "10",
              "boundary": "administrative",
              "name": "Barangay 163",
              "type": "boundary"
            }
          }
        ]
      },
      "geometry": {
        "type": "Point",
        "coordinates": [
          120.973337,
          14.6246788
        ]
      },
      "id": "node/7779527614"
    },
    {
      "type": "Feature",
      "properties": {
        "@id": "node/7782417253",
        "@relations": [
          {
            "role": "label",
            "rel": 11378971,
            "reltags": {
              "admin_level": "10",
              "boundary": "administrative",
              "name": "Barangay 165",
              "type": "boundary"
            }
          }
        ]
      },
      "geometry": {
        "type": "Point",
        "coordinates": [
          120.9750456,
          14.6261088
        ]
      },
      "id": "node/7782417253"
    },
    {
      "type": "Feature",
      "properties": {
        "@id": "node/7782417254",
        "@relations": [
          {
            "role": "label",
            "rel": 11378972,
            "reltags": {
              "admin_level": "10",
              "boundary": "administrative",
              "name": "Barangay 164",
              "type": "boundary"
            }
          }
        ]
      },
      "geometry": {
        "type": "Point",
        "coordinates": [
          120.9748337,
          14.6250369
        ]
      },
      "id": "node/7782417254"
    },
    {
      "type": "Feature",
      "properties": {
        "@id": "node/7782417255",
        "@relations": [
          {
            "role": "label",
            "rel": 11378973,
            "reltags": {
              "admin_level": "10",
              "boundary": "administrative",
              "name": "Barangay 162",
              "type": "boundary"
            }
          }
        ]
      },
      "geometry": {
        "type": "Point",
        "coordinates": [
          120.9748578,
          14.6272715
        ]
      },
      "id": "node/7782417255"
    },
    {
      "type": "Feature",
      "properties": {
        "@id": "node/7782417256",
        "@relations": [
          {
            "role": "label",
            "rel": 11378970,
            "reltags": {
              "admin_level": "10",
              "boundary": "administrative",
              "name": "Barangay 161",
              "type": "boundary"
            }
          }
        ]
      },
      "geometry": {
        "type": "Point",
        "coordinates": [
          120.97489,
          14.6285606
        ]
      },
      "id": "node/7782417256"
    },
    {
      "type": "Feature",
      "properties": {
        "@id": "node/7782417226",
        "@relations": [
          {
            "role": "label",
            "rel": 11378946,
            "reltags": {
              "admin_level": "10",
              "boundary": "administrative",
              "name": "Barangay 127",
              "type": "boundary"
            }
          }
        ]
      },
      "geometry": {
        "type": "Point",
        "coordinates": [
          120.9656665,
          14.6344226
        ]
      },
      "id": "node/7782417226"
    },
    {
      "type": "Feature",
      "properties": {
        "@id": "node/7782417232",
        "@relations": [
          {
            "role": "label",
            "rel": 11378950,
            "reltags": {
              "admin_level": "10",
              "boundary": "administrative",
              "name": "Barangay 128",
              "type": "boundary"
            }
          }
        ]
      },
      "geometry": {
        "type": "Point",
        "coordinates": [
          120.9620208,
          14.6309879
        ]
      },
      "id": "node/7782417232"
    },
    {
      "type": "Feature",
      "properties": {
        "@id": "node/7782417242",
        "@relations": [
          {
            "role": "label",
            "rel": 11378968,
            "reltags": {
              "admin_level": "10",
              "boundary": "administrative",
              "name": "Barangay 126",
              "type": "boundary"
            }
          }
        ]
      },
      "geometry": {
        "type": "Point",
        "coordinates": [
          120.9626403,
          14.634082
        ]
      },
      "id": "node/7782417242"
    },
    {
      "type": "Feature",
      "properties": {
        "@id": "node/7782417267",
        "@relations": [
          {
            "role": "label",
            "rel": 11378966,
            "reltags": {
              "admin_level": "10",
              "boundary": "administrative",
              "name": "Barangay 138",
              "type": "boundary"
            }
          }
        ]
      },
      "geometry": {
        "type": "Point",
        "coordinates": [
          120.9662224,
          14.6328642
        ]
      },
      "id": "node/7782417267"
    },
    {
      "type": "Feature",
      "properties": {
        "@id": "node/7782417271",
        "@relations": [
          {
            "role": "label",
            "rel": 11378965,
            "reltags": {
              "admin_level": "10",
              "boundary": "administrative",
              "name": "Barangay 131",
              "type": "boundary"
            }
          }
        ]
      },
      "geometry": {
        "type": "Point",
        "coordinates": [
          120.9650248,
          14.6311073
        ]
      },
      "id": "node/7782417271"
    },
    {
      "type": "Feature",
      "properties": {
        "@id": "node/7782417243",
        "@relations": [
          {
            "role": "label",
            "rel": 11378967,
            "reltags": {
              "admin_level": "10",
              "boundary": "administrative",
              "name": "Barangay 125",
              "type": "boundary"
            }
          }
        ]
      },
      "geometry": {
        "type": "Point",
        "coordinates": [
          120.9680604,
          14.634991
        ]
      },
      "id": "node/7782417243"
    },
    {
      "type": "Feature",
      "properties": {
        "@id": "node/7782417259",
        "@relations": [
          {
            "role": "label",
            "rel": 11378955,
            "reltags": {
              "admin_level": "10",
              "boundary": "administrative",
              "name": "Barangay 145",
              "type": "boundary"
            }
          }
        ]
      },
      "geometry": {
        "type": "Point",
        "coordinates": [
          120.9695779,
          14.6326605
        ]
      },
      "id": "node/7782417259"
    },
    {
      "type": "Feature",
      "properties": {
        "@id": "node/7782417260",
        "@relations": [
          {
            "role": "label",
            "rel": 11378957,
            "reltags": {
              "admin_level": "10",
              "boundary": "administrative",
              "name": "Barangay 144",
              "type": "boundary"
            }
          }
        ]
      },
      "geometry": {
        "type": "Point",
        "coordinates": [
          120.9697227,
          14.6310216
        ]
      },
      "id": "node/7782417260"
    },
    {
      "type": "Feature",
      "properties": {
        "@id": "node/7782417261",
        "@relations": [
          {
            "role": "label",
            "rel": 11378956,
            "reltags": {
              "admin_level": "10",
              "boundary": "administrative",
              "name": "Barangay 143",
              "type": "boundary"
            }
          }
        ]
      },
      "geometry": {
        "type": "Point",
        "coordinates": [
          120.9703839,
          14.6317249
        ]
      },
      "id": "node/7782417261"
    },
    {
      "type": "Feature",
      "properties": {
        "@id": "node/7782417262",
        "@relations": [
          {
            "role": "label",
            "rel": 11378958,
            "reltags": {
              "admin_level": "10",
              "boundary": "administrative",
              "name": "Barangay 142",
              "type": "boundary"
            }
          }
        ]
      },
      "geometry": {
        "type": "Point",
        "coordinates": [
          120.9671277,
          14.6332399
        ]
      },
      "id": "node/7782417262"
    },
    {
      "type": "Feature",
      "properties": {
        "@id": "node/7782417264",
        "@relations": [
          {
            "role": "label",
            "rel": 11378959,
            "reltags": {
              "admin_level": "10",
              "boundary": "administrative",
              "name": "Barangay 141",
              "type": "boundary"
            }
          }
        ]
      },
      "geometry": {
        "type": "Point",
        "coordinates": [
          120.9677446,
          14.631821
        ]
      },
      "id": "node/7782417264"
    },
    {
      "type": "Feature",
      "properties": {
        "@id": "node/7782417265",
        "@relations": [
          {
            "role": "label",
            "rel": 11378960,
            "reltags": {
              "admin_level": "10",
              "boundary": "administrative",
              "name": "Barangay 140",
              "type": "boundary"
            }
          }
        ]
      },
      "geometry": {
        "type": "Point",
        "coordinates": [
          120.9668963,
          14.6314693
        ]
      },
      "id": "node/7782417265"
    },
    {
      "type": "Feature",
      "properties": {
        "@id": "node/7782417268",
        "@relations": [
          {
            "role": "label",
            "rel": 11378961,
            "reltags": {
              "admin_level": "10",
              "boundary": "administrative",
              "name": "Barangay 136",
              "type": "boundary"
            }
          }
        ]
      },
      "geometry": {
        "type": "Point",
        "coordinates": [
          120.9685694,
          14.6321661
        ]
      },
      "id": "node/7782417268"
    },
    {
      "type": "Feature",
      "properties": {
        "@id": "node/7782417269",
        "@relations": [
          {
            "role": "label",
            "rel": 11378954,
            "reltags": {
              "admin_level": "10",
              "boundary": "administrative",
              "name": "Barangay 135",
              "type": "boundary"
            }
          }
        ]
      },
      "geometry": {
        "type": "Point",
        "coordinates": [
          120.9694941,
          14.6342637
        ]
      },
      "id": "node/7782417269"
    }
  ]
}